metric_id,safehouse_id,month_start,month_end,active_residents,avg_education_progress,avg_health_score,process_recording_count,home_visitation_count,incident_count,notes,region,open_date,capacity_girls,sessions_per_resident,visits_per_resident,occupancy_rate,months_since_start,pct_high_risk,pct_trafficked,pct_special_needs,snapshot_n,region_Mindanao,region_Visayas,sessions_per_resident_lag1,visits_per_resident_lag1,pct_high_risk_lag1,pct_trafficked_lag1,pct_special_needs_lag1,sessions_per_resident_std,visits_per_resident_std,pct_high_risk_std,pct_trafficked_std,pct_special_needs_std,months_since_start_std,sessions_per_resident_lag1_std,visits_per_resident_lag1_std,pct_high_risk_lag1_std,pct_trafficked_lag1_std,pct_special_needs_lag1_std
4,1,2023-04-01,2023-04-30,10,51.9,3.07,5,4,1,,Luzon,2022-01-01,8,0.5,0.4,1.25,15,0.0,0.0,0.0,2,0,0,0.1,0.0,0.0,0.0,0.0,-1.17548748918027,-0.5285023895561821,-0.5266049002234162,-0.8599839390019485,-0.6018581033731462,-0.9635597028895867,-1.966745619026603,-1.807903990466211,-0.5194954933931315,-0.8312337224782831,-0.5789684941907314
5,1,2023-05-01,2023-05-31,10,51.25,3.17,0,2,0,,Luzon,2022-01-01,8,0.0,0.2,1.25,16,0.0,0.0,0.0,2,0,0,0.5,0.4,0.0,0.0,0.0,-2.4414672785617655,-1.1666044209245354,-0.5266049002234162,-0.8599839390019485,-0.6018581033731462,-0.8625246502445247,-1.0495045331109283,-0.4454824277985871,-0.5194954933931315,-0.8312337224782831,-0.5789684941907314
6,1,2023-06-01,2023-06-30,10,60.83,3.17,2,2,0,,Luzon,2022-01-01,8,0.2,0.2,1.25,17,33.33333333333333,33.33333333333333,0.0,3,0,0,0.0,0.2,0.0,0.0,0.0,-1.8722064434022,-1.1666044209245354,1.4724864362917691,0.5941815573007224,-0.6018581033731462,-0.7614895975994628,-2.248612534057193,-1.069659364967284,-0.5194954933931315,-0.8312337224782831,-0.5789684941907314
7,1,2023-07-01,2023-07-31,10,74.93,3.08,9,7,0,,Luzon,2022-01-01,8,0.9,0.7,1.25,18,33.33333333333333,33.33333333333333,0.0,3,0,0,0.2,0.2,33.33333333333333,33.33333333333333,0.0,-0.43741309145411567,0.2752005026788135,1.4724864362917691,0.5941815573007224,-0.6018581033731462,-0.6604545449544008,-1.7094212864633593,-1.069659364967284,1.641879094550279,0.5846904801674808,-0.5789684941907314
8,1,2023-08-01,2023-08-31,10,81.87,3.14,7,9,0,,Luzon,2022-01-01,8,0.7,0.9,1.25,19,33.33333333333333,33.33333333333333,0.0,3,0,0,0.9,0.7,33.33333333333333,33.33333333333333,0.0,-0.7846918172800178,0.7356156223759979,1.4724864362917691,0.5941815573007224,-0.6018581033731462,-0.559419492309339,-0.350416820155087,0.3406815162232066,1.641879094550279,0.5846904801674808,-0.5789684941907314
9,1,2023-09-01,2023-09-30,10,75.3,2.97,8,9,0,,Luzon,2022-01-01,8,0.8,0.9,1.25,20,25.0,25.0,0.0,4,0,0,0.7,0.9,33.33333333333333,33.33333333333333,0.0,-0.6062266540207046,0.7356156223759979,0.972713602162973,0.23064018322505486,-0.6018581033731462,-0.458384439664277,-0.6793515331647719,0.7910491457110573,1.641879094550279,0.5846904801674808,-0.5789684941907314
10,1,2023-10-01,2023-10-31,10,71.17,3.0,10,11,0,,Luzon,2022-01-01,8,1.0,1.1,1.25,21,20.0,40.0,0.0,5,0,0,0.8,0.9,25.0,25.0,0.0,-0.2772605339913625,1.1499080425141806,0.6728499016856951,0.8850146565612569,-0.6018581033731462,-0.35734938701921504,-0.5103132855170944,0.7910491457110573,1.1015354475644268,0.23070942950603995,-0.5789684941907314
11,1,2023-11-01,2023-11-30,10,74.2,3.05,16,7,0,,Luzon,2022-01-01,8,1.6,0.7,1.25,22,20.0,40.0,0.0,5,0,0,1.0,1.1,20.0,40.0,0.0,0.5419168739526509,0.2752005026788135,0.6728499016856951,0.8850146565612569,-0.6018581033731462,-0.25631433437415313,-0.19872386688968258,1.196300596391336,0.777329259372915,0.8678753206966338,-0.5789684941907314
12,1,2023-12-01,2023-12-31,10,77.15,3.08,12,7,1,,Luzon,2022-01-01,8,1.2,0.7,1.25,23,20.0,40.0,0.0,5,0,0,1.6,0.7,20.0,40.0,0.0,0.020325519510443226,0.2752005026788135,0.6728499016856951,0.8850146565612569,-0.6018581033731462,-0.15527928172909117,0.5771828200093166,0.3406815162232066,0.777329259372915,0.8678753206966338,-0.5789684941907314
13,1,2024-01-01,2024-01-31,10,80.47,3.18,11,4,1,,Luzon,2022-01-01,8,1.1,0.4,1.25,24,20.0,40.0,0.0,5,0,0,1.2,0.7,20.0,40.0,0.0,-0.1249234758230214,-0.5285023895561821,0.6728499016856951,0.8850146565612569,-0.6018581033731462,-0.05424422908402924,0.08314304814090771,0.3406815162232066,0.777329259372915,0.8678753206966338,-0.5789684941907314
14,1,2024-02-01,2024-02-29,10,81.8,3.23,10,3,0,,Luzon,2022-01-01,8,1.0,0.3,1.25,25,20.0,40.0,0.0,5,0,0,1.1,0.4,20.0,40.0,0.0,-0.2772605339913625,-0.8352700770219197,0.6728499016856951,0.8850146565612569,-0.6018581033731462,0.046790823561032695,-0.05443358135556783,-0.4454824277985871,0.777329259372915,0.8678753206966338,-0.5789684941907314
15,1,2024-03-01,2024-03-31,10,85.13,3.25,21,6,1,,Luzon,2022-01-01,8,2.1,0.6,1.25,26,20.0,40.0,0.0,5,0,0,1.0,0.3,20.0,40.0,0.0,1.0910986023701763,0.024246732151460518,0.6728499016856951,0.8850146565612569,-0.6018581033731462,0.14782587620609464,-0.19872386688968258,-0.7455556232624567,0.777329259372915,0.8678753206966338,-0.5789684941907314
16,1,2024-04-01,2024-04-30,10,90.37,3.21,10,13,0,,Luzon,2022-01-01,8,1.0,1.3,1.25,27,20.0,40.0,0.0,5,0,0,2.1,0.6,20.0,40.0,0.0,-0.2772605339913625,1.5264829401099334,0.6728499016856951,0.8850146565612569,-0.6018581033731462,0.24886092885115657,1.0973555826729946,0.09520422864460483,0.777329259372915,0.8678753206966338,-0.5789684941907314
17,1,2024-05-01,2024-05-31,10,80.4,3.19,12,6,0,,Luzon,2022-01-01,8,1.2,0.6,1.25,28,20.0,40.0,0.0,5,0,0,1.0,1.3,20.0,40.0,0.0,0.020325519510443226,0.024246732151460518,0.6728499016856951,0.8850146565612569,-0.6018581033731462,0.3498959814962185,-0.19872386688968258,1.5646576218217207,0.777329259372915,0.8678753206966338,-0.5789684941907314
18,1,2024-06-01,2024-06-30,10,48.6,2.93,15,6,0,,Luzon,2022-01-01,8,1.5,0.6,1.25,29,20.0,40.0,0.0,5,0,0,1.2,0.6,20.0,40.0,0.0,0.4194584202305679,0.024246732151460518,0.6728499016856951,0.8850146565612569,-0.6018581033731462,0.45093103414128044,0.08314304814090771,0.09520422864460483,0.777329259372915,0.8678753206966338,-0.5789684941907314
19,1,2024-07-01,2024-07-31,10,50.5,3.04,13,6,0,,Luzon,2022-01-01,8,1.3,0.6,1.25,30,20.0,40.0,0.0,5,0,0,1.5,0.6,20.0,40.0,0.0,0.15911682828576743,0.024246732151460518,0.6728499016856951,0.8850146565612569,-0.6018581033731462,0.5519660867863424,0.46119288646274875,0.09520422864460483,0.777329259372915,0.8678753206966338,-0.5789684941907314
20,1,2024-08-01,2024-08-31,10,64.5,3.03,18,8,0,,Luzon,2022-01-01,8,1.8,0.8,1.25,31,20.0,40.0,0.0,5,0,0,1.3,0.6,20.0,40.0,0.0,0.7733034793658857,0.5118060111458271,0.6728499016856951,0.8850146565612569,-0.6018581033731462,0.6530011394314043,0.2146031000392113,0.09520422864460483,0.777329259372915,0.8678753206966338,-0.5789684941907314
21,1,2024-09-01,2024-09-30,10,70.3,3.08,14,8,0,,Luzon,2022-01-01,8,1.4,0.8,1.25,32,20.0,40.0,0.0,5,0,0,1.8,0.8,20.0,40.0,0.0,0.2920003011682024,0.5118060111458271,0.6728499016856951,0.8850146565612569,-0.6018581033731462,0.7540361920764662,0.7963470848656776,0.572123659222639,0.777329259372915,0.8678753206966338,-0.5789684941907314
22,1,2024-10-01,2024-10-31,10,59.0,3.1,15,7,0,,Luzon,2022-01-01,8,1.5,0.7,1.25,33,16.666666666666664,33.33333333333333,0.0,6,0,0,1.4,0.8,20.0,40.0,0.0,0.4194584202305679,0.2752005026788135,0.4729407680341764,0.5941815573007224,-0.6018581033731462,0.8550712447215282,0.340467380704151,0.572123659222639,0.777329259372915,0.8678753206966338,-0.5789684941907314
23,1,2024-11-01,2024-11-30,10,69.25,3.16,8,10,1,,Luzon,2022-01-01,8,0.8,1.0,1.25,34,16.666666666666664,33.33333333333333,0.0,6,0,0,1.5,0.7,16.666666666666664,33.33333333333333,0.0,-0.6062266540207046,0.947942647991121,0.4729407680341764,0.5941815573007224,-0.6018581033731462,0.9561062973665901,0.46119288646274875,0.3406815162232066,0.5611918005785738,0.5846904801674808,-0.5789684941907314
24,1,2024-12-01,2024-12-31,10,77.2,3.18,12,6,1,,Luzon,2022-01-01,8,1.2,0.6,1.25,35,16.666666666666664,33.33333333333333,0.0,6,0,0,0.8,1.0,16.666666666666664,33.33333333333333,0.0,0.020325519510443226,0.024246732151460518,0.4729407680341764,0.5941815573007224,-0.6018581033731462,1.057141350011652,-0.5103132855170944,0.998742627335601,0.5611918005785738,0.5846904801674808,-0.5789684941907314
25,1,2025-01-01,2025-01-31,10,79.03,3.13,19,11,0,,Luzon,2022-01-01,8,1.9,1.1,1.25,36,16.666666666666664,33.33333333333333,0.0,6,0,0,1.2,0.6,16.666666666666664,33.33333333333333,0.0,0.8828687681550246,1.1499080425141806,0.4729407680341764,0.5941815573007224,-0.6018581033731462,1.158176402656714,0.08314304814090771,0.09520422864460483,0.5611918005785738,0.5846904801674808,-0.5789684941907314
26,1,2025-02-01,2025-02-28,10,89.9,3.28,14,6,1,,Luzon,2022-01-01,8,1.4,0.6,1.25,37,16.666666666666664,33.33333333333333,0.0,6,0,0,1.9,1.1,16.666666666666664,33.33333333333333,0.0,0.2920003011682024,0.024246732151460518,0.4729407680341764,0.5941815573007224,-0.6018581033731462,1.259211455301776,0.9001248983149994,1.196300596391336,0.5611918005785738,0.5846904801674808,-0.5789684941907314
27,1,2025-03-01,2025-03-31,10,80.18,3.24,20,8,1,,Luzon,2022-01-01,8,2.0,0.8,1.25,38,12.5,25.0,0.0,8,0,0,1.4,0.6,16.666666666666664,33.33333333333333,0.0,0.9887192553901332,0.5118060111458271,0.22305435096977835,0.23064018322505486,-0.6018581033731462,1.3602465079468378,0.340467380704151,0.09520422864460483,0.5611918005785738,0.5846904801674808,-0.5789684941907314
28,1,2025-04-01,2025-04-30,10,80.92,3.24,23,6,3,,Luzon,2022-01-01,8,2.3,0.6,1.25,39,12.5,25.0,0.0,8,0,0,2.0,0.8,12.5,25.0,0.0,1.2863053088919385,0.024246732151460518,0.22305435096977835,0.23064018322505486,-0.6018581033731462,1.4612815605918998,1.0003841340565827,0.572123659222639,0.29101997708564753,0.23070942950603995,-0.5789684941907314
29,1,2025-05-01,2025-05-31,10,87.57,3.38,19,5,2,,Luzon,2022-01-01,8,1.9,0.5,1.25,40,12.5,25.0,0.0,8,0,0,2.3,0.6,12.5,25.0,0.0,0.8828687681550246,-0.24290850508487502,0.22305435096977835,0.23064018322505486,-0.6018581033731462,1.5623166132369617,1.2822510490871726,0.09520422864460483,0.29101997708564753,0.23070942950603995,-0.5789684941907314
30,1,2025-06-01,2025-06-30,10,93.28,3.44,15,6,0,,Luzon,2022-01-01,8,1.5,0.6,1.25,41,12.5,25.0,0.0,8,0,0,1.9,0.5,12.5,25.0,0.0,0.4194584202305679,0.024246732151460518,0.22305435096977835,0.23064018322505486,-0.6018581033731462,1.6633516658820235,0.9001248983149994,-0.16612096627628792,0.29101997708564753,0.23070942950603995,-0.5789684941907314
31,1,2025-07-01,2025-07-31,10,89.03,3.45,20,10,1,,Luzon,2022-01-01,8,2.0,1.0,1.25,42,12.5,25.0,0.0,8,0,0,1.5,0.6,12.5,25.0,0.0,0.9887192553901332,0.947942647991121,0.22305435096977835,0.23064018322505486,-0.6018581033731462,1.7643867185270856,0.46119288646274875,0.09520422864460483,0.29101997708564753,0.23070942950603995,-0.5789684941907314
32,1,2025-08-01,2025-08-31,10,93.57,3.5,20,10,0,,Luzon,2022-01-01,8,2.0,1.0,1.25,43,14.285714285714285,28.57142857142857,0.0,7,0,0,2.0,1.0,12.5,25.0,0.0,0.9887192553901332,0.947942647991121,0.3301485297116632,0.3864436292574838,-0.6018581033731462,1.8654217711721475,1.0003841340565827,0.998742627335601,0.29101997708564753,0.23070942950603995,-0.5789684941907314
33,1,2025-09-01,2025-09-30,10,98.43,3.5,19,9,1,,Luzon,2022-01-01,8,1.9,0.9,1.25,44,14.285714285714285,28.57142857142857,0.0,7,0,0,2.0,1.0,14.285714285714285,28.57142857142857,0.0,0.8828687681550246,0.7356156223759979,0.3301485297116632,0.3864436292574838,-0.6018581033731462,1.9664568238172095,1.0003841340565827,0.998742627335601,0.40680790143975876,0.3824155940752289,-0.5789684941907314
34,1,2025-10-01,2025-10-31,10,100.0,3.55,20,11,2,,Luzon,2022-01-01,8,2.0,1.1,1.25,45,14.285714285714285,28.57142857142857,0.0,7,0,0,1.9,0.9,14.285714285714285,28.57142857142857,0.0,0.9887192553901332,1.1499080425141806,0.3301485297116632,0.3864436292574838,-0.6018581033731462,2.067491876462271,0.9001248983149994,0.7910491457110573,0.40680790143975876,0.3824155940752289,-0.5789684941907314
35,1,2025-11-01,2025-11-30,10,89.65,3.66,20,8,3,,Luzon,2022-01-01,8,2.0,0.8,1.25,46,14.285714285714285,28.57142857142857,0.0,7,0,0,2.0,1.1,14.285714285714285,28.57142857142857,0.0,0.9887192553901332,0.5118060111458271,0.3301485297116632,0.3864436292574838,-0.6018581033731462,2.1685269291073332,1.0003841340565827,1.196300596391336,0.40680790143975876,0.3824155940752289,-0.5789684941907314
36,1,2025-12-01,2025-12-31,10,94.2,3.92,18,6,0,,Luzon,2022-01-01,8,1.8,0.6,1.25,47,14.285714285714285,28.57142857142857,0.0,7,0,0,2.0,0.8,14.285714285714285,28.57142857142857,0.0,0.7733034793658857,0.024246732151460518,0.3301485297116632,0.3864436292574838,-0.6018581033731462,2.2695619817523953,1.0003841340565827,0.572123659222639,0.40680790143975876,0.3824155940752289,-0.5789684941907314
37,1,2026-01-01,2026-01-31,10,100.0,3.87,21,9,0,,Luzon,2022-01-01,8,2.1,0.9,1.25,48,14.285714285714285,28.57142857142857,0.0,7,0,0,1.8,0.6,14.285714285714285,28.57142857142857,0.0,1.0910986023701763,0.7356156223759979,0.3301485297116632,0.3864436292574838,-0.6018581033731462,2.3705970343974574,0.7963470848656776,0.09520422864460483,0.40680790143975876,0.3824155940752289,-0.5789684941907314
38,1,2026-02-01,2026-02-28,10,100.0,3.94,14,5,0,,Luzon,2022-01-01,8,1.4,0.5,1.25,49,14.285714285714285,28.57142857142857,0.0,7,0,0,2.1,0.9,14.285714285714285,28.57142857142857,0.0,0.2920003011682024,-0.24290850508487502,0.3301485297116632,0.3864436292574838,-0.6018581033731462,2.471632087042519,1.0973555826729946,0.7910491457110573,0.40680790143975876,0.3824155940752289,-0.5789684941907314
53,2,2023-03-01,2023-03-31,8,59.1,3.15,3,4,0,,Visayas,2022-02-15,10,0.375,0.5,0.8,13,0.0,0.0,0.0,1,0,1,0.0,0.0,0.0,0.0,0.0,-1.4471622708380296,-0.24290850508487502,-0.5266049002234162,-0.8599839390019485,-0.6018581033731462,-1.1656298081797105,-2.248612534057193,-1.807903990466211,-0.5194954933931315,-0.8312337224782831,-0.5789684941907314
54,2,2023-04-01,2023-04-30,8,75.4,3.12,0,1,0,,Visayas,2022-02-15,10,0.0,0.125,0.8,14,0.0,0.0,0.0,1,0,1,0.375,0.5,0.0,0.0,0.0,-2.4414672785617655,-1.4337596581608711,-0.5266049002234162,-0.8599839390019485,-0.6018581033731462,-1.0645947555346487,-1.306828865674172,-0.16612096627628792,-0.5194954933931315,-0.8312337224782831,-0.5789684941907314
55,2,2023-05-01,2023-05-31,8,100.0,3.14,1,2,0,,Visayas,2022-02-15,10,0.125,0.25,0.8,15,0.0,0.0,0.0,1,0,1,0.0,0.125,0.0,0.0,0.0,-2.0737144443691773,-0.9976230213155769,-0.5266049002234162,-0.8599839390019485,-0.6018581033731462,-0.9635597028895867,-2.248612534057193,-1.3309845598881769,-0.5194954933931315,-0.8312337224782831,-0.5789684941907314
56,2,2023-06-01,2023-06-30,8,98.6,3.18,3,0,0,,Visayas,2022-02-15,10,0.375,0.0,0.8,16,0.0,0.0,0.0,1,0,1,0.125,0.25,0.0,0.0,0.0,-1.4471622708380296,-1.9213189371552377,-0.5266049002234162,-0.8599839390019485,-0.6018581033731462,-0.8625246502445247,-1.900285199332174,-0.9043655917752146,-0.5194954933931315,-0.8312337224782831,-0.5789684941907314
57,2,2023-07-01,2023-07-31,8,100.0,3.3,1,2,0,,Visayas,2022-02-15,10,0.125,0.25,0.8,17,0.0,0.0,0.0,1,0,1,0.375,0.0,0.0,0.0,0.0,-2.0737144443691773,-0.9976230213155769,-0.5266049002234162,-0.8599839390019485,-0.6018581033731462,-0.7614895975994628,-1.306828865674172,-1.807903990466211,-0.5194954933931315,-0.8312337224782831,-0.5789684941907314
64,2,2024-02-01,2024-02-29,8,33.2,2.95,4,2,0,,Visayas,2022-02-15,10,0.5,0.25,0.8,24,0.0,50.0,50.0,2,0,1,0.125,0.25,0.0,0.0,0.0,-1.17548748918027,-0.9976230213155769,-0.5266049002234162,1.3212643054520583,2.6908185159776985,-0.05424422908402924,-1.900285199332174,-0.9043655917752146,-0.5194954933931315,-0.8312337224782831,-0.5789684941907314
65,2,2024-03-01,2024-03-31,8,26.9,3.0,9,3,0,,Visayas,2022-02-15,10,1.125,0.375,0.8,25,0.0,50.0,50.0,2,0,1,0.5,0.25,0.0,50.0,50.0,-0.08797286305808734,-0.6030894427976289,-0.5266049002234162,1.3212643054520583,2.6908185159776985,0.046790823561032695,-1.0495045331109283,-0.9043655917752146,-0.5194954933931315,1.292652581490363,2.7607079262002485
66,2,2024-04-01,2024-04-30,8,38.0,3.06,6,2,0,,Visayas,2022-02-15,10,0.75,0.25,0.8,26,0.0,25.0,25.0,4,0,1,1.125,0.375,0.0,50.0,50.0,-0.6941843109825867,-0.9976230213155769,-0.5266049002234162,0.23064018322505486,1.0444802063022762,0.14782587620609464,-0.01943477981234055,-0.5184417919066288,-0.5194954933931315,1.292652581490363,2.7607079262002485
67,2,2024-05-01,2024-05-31,8,45.4,3.13,8,3,0,,Visayas,2022-02-15,10,1.0,0.375,0.8,27,0.0,25.0,25.0,4,0,1,0.75,0.25,0.0,25.0,25.0,-0.2772605339913625,-0.6030894427976289,-0.5266049002234162,0.23064018322505486,1.0444802063022762,0.24886092885115657,-0.5936248289494017,-0.9043655917752146,-0.5194954933931315,0.23070942950603995,1.0908697160047587
68,2,2024-06-01,2024-06-30,8,55.5,3.27,8,11,0,,Visayas,2022-02-15,10,1.0,1.375,0.8,28,0.0,25.0,25.0,4,0,1,1.0,0.375,0.0,25.0,25.0,-0.2772605339913625,1.6593115382156582,-0.5266049002234162,0.23064018322505486,1.0444802063022762,0.3498959814962185,-0.19872386688968258,-0.5184417919066288,-0.5194954933931315,0.23070942950603995,1.0908697160047587
69,2,2024-07-01,2024-07-31,8,65.02,3.32,10,5,0,,Visayas,2022-02-15,10,1.25,0.625,0.8,29,0.0,20.0,20.0,5,0,1,1.0,1.375,0.0,25.0,25.0,0.09049230020122541,0.08842583881774124,-0.5266049002234162,0.012515358779654175,0.7152125443671917,0.45093103414128044,-0.19872386688968258,1.6945875444020535,-0.5194954933931315,0.23070942950603995,1.0908697160047587
70,2,2024-08-01,2024-08-31,8,69.65,3.39,7,5,1,,Visayas,2022-02-15,10,0.875,0.625,0.8,30,0.0,25.0,25.0,4,0,1,1.25,0.625,0.0,20.0,20.0,-0.4787685349583399,0.08842583881774124,-0.5266049002234162,0.23064018322505486,1.0444802063022762,0.5519660867863424,0.14960346783533654,0.15798277542853995,-0.5194954933931315,0.018320799109175355,0.7569020739656607
71,2,2024-09-01,2024-09-30,8,86.6,3.36,9,6,2,,Visayas,2022-02-15,10,1.125,0.75,0.8,31,0.0,20.0,20.0,5,0,1,0.875,0.625,0.0,25.0,25.0,-0.08797286305808734,0.3951935262834783,-0.5266049002234162,0.012515358779654175,0.7152125443671917,0.6530011394314043,-0.38958777975849734,0.15798277542853995,-0.5194954933931315,0.23070942950603995,1.0908697160047587
72,2,2024-10-01,2024-10-31,8,88.07,3.4,9,5,1,,Visayas,2022-02-15,10,1.125,0.625,0.8,32,0.0,0.0,0.0,4,0,1,1.125,0.75,0.0,20.0,20.0,-0.08797286305808734,0.08842583881774124,-0.5266049002234162,-0.8599839390019485,-0.6018581033731462,0.7540361920764662,-0.01943477981234055,0.45805597089240907,-0.5194954933931315,0.018320799109175355,0.7569020739656607
73,2,2024-11-01,2024-11-30,8,100.0,3.47,5,2,0,,Visayas,2022-02-15,10,0.625,0.25,0.8,33,0.0,0.0,0.0,4,0,1,1.125,0.625,0.0,0.0,0.0,-0.9255709163958217,-0.9976230213155769,-0.5266049002234162,-0.8599839390019485,-0.6018581033731462,0.8550712447215282,-0.01943477981234055,0.15798277542853995,-0.5194954933931315,-0.8312337224782831,-0.5789684941907314
74,2,2024-12-01,2024-12-31,8,97.3,3.46,6,1,0,,Visayas,2022-02-15,10,0.75,0.125,0.8,34,0.0,0.0,0.0,4,0,1,0.625,0.25,0.0,0.0,0.0,-0.6941843109825867,-1.4337596581608711,-0.5266049002234162,-0.8599839390019485,-0.6018581033731462,0.9561062973665901,-0.8127890938057629,-0.9043655917752146,-0.5194954933931315,-0.8312337224782831,-0.5789684941907314
75,2,2025-01-01,2025-01-31,8,99.1,3.42,10,2,0,,Visayas,2022-02-15,10,1.25,0.25,0.8,35,0.0,0.0,0.0,4,0,1,0.75,0.125,0.0,0.0,0.0,0.09049230020122541,-0.9976230213155769,-0.5266049002234162,-0.8599839390019485,-0.6018581033731462,1.057141350011652,-0.5936248289494017,-1.3309845598881769,-0.5194954933931315,-0.8312337224782831,-0.5789684941907314
76,2,2025-02-01,2025-02-28,8,100.0,3.17,6,3,0,,Visayas,2022-02-15,10,0.75,0.375,0.8,36,0.0,0.0,0.0,3,0,1,1.25,0.25,0.0,0.0,0.0,-0.6941843109825867,-0.6030894427976289,-0.5266049002234162,-0.8599839390019485,-0.6018581033731462,1.158176402656714,0.14960346783533654,-0.9043655917752146,-0.5194954933931315,-0.8312337224782831,-0.5789684941907314
77,2,2025-03-01,2025-03-31,8,79.75,3.08,6,1,0,,Visayas,2022-02-15,10,0.75,0.125,0.8,37,0.0,0.0,0.0,4,0,1,0.75,0.375,0.0,0.0,0.0,-0.6941843109825867,-1.4337596581608711,-0.5266049002234162,-0.8599839390019485,-0.6018581033731462,1.259211455301776,-0.5936248289494017,-0.5184417919066288,-0.5194954933931315,-0.8312337224782831,-0.5789684941907314
78,2,2025-04-01,2025-04-30,8,72.6,3.05,10,7,0,,Visayas,2022-02-15,10,1.25,0.875,0.8,38,0.0,0.0,0.0,5,0,1,0.75,0.125,0.0,0.0,0.0,0.09049230020122541,0.6807874107547854,-0.5266049002234162,-0.8599839390019485,-0.6018581033731462,1.3602465079468378,-0.5936248289494017,-1.3309845598881769,-0.5194954933931315,-0.8312337224782831,-0.5789684941907314
79,2,2025-05-01,2025-05-31,8,85.0,3.11,11,6,0,,Visayas,2022-02-15,10,1.375,0.75,0.8,39,0.0,0.0,0.0,5,0,1,1.25,0.875,0.0,0.0,0.0,0.2593058627678144,0.3951935262834783,-0.5266049002234162,-0.8599839390019485,-0.6018581033731462,1.4612815605918998,0.14960346783533654,0.7374174324147083,-0.5194954933931315,-0.8312337224782831,-0.5789684941907314
80,2,2025-06-01,2025-06-30,8,88.27,3.18,9,4,1,,Visayas,2022-02-15,10,1.125,0.5,0.8,40,0.0,0.0,0.0,5,0,1,1.375,0.75,0.0,0.0,0.0,-0.08797286305808734,-0.24290850508487502,-0.5266049002234162,-0.8599839390019485,-0.6018581033731462,1.5623166132369617,0.30949993319734403,0.45805597089240907,-0.5194954933931315,-0.8312337224782831,-0.5789684941907314
81,2,2025-07-01,2025-07-31,8,86.57,3.16,4,5,1,,Visayas,2022-02-15,10,0.5,0.625,0.8,41,0.0,0.0,0.0,5,0,1,1.125,0.5,0.0,0.0,0.0,-1.17548748918027,0.08842583881774124,-0.5266049002234162,-0.8599839390019485,-0.6018581033731462,1.6633516658820235,-0.01943477981234055,-0.16612096627628792,-0.5194954933931315,-0.8312337224782831,-0.5789684941907314
82,2,2025-08-01,2025-08-31,8,84.05,3.25,12,4,1,,Visayas,2022-02-15,10,1.5,0.5,0.8,42,0.0,0.0,0.0,5,0,1,0.5,0.625,0.0,0.0,0.0,0.4194584202305679,-0.24290850508487502,-0.5266049002234162,-0.8599839390019485,-0.6018581033731462,1.7643867185270856,-1.0495045331109283,0.15798277542853995,-0.5194954933931315,-0.8312337224782831,-0.5789684941907314
83,2,2025-09-01,2025-09-30,8,87.25,3.21,5,3,0,,Visayas,2022-02-15,10,0.625,0.375,0.8,43,0.0,0.0,0.0,4,0,1,1.5,0.5,0.0,0.0,0.0,-0.9255709163958217,-0.6030894427976289,-0.5266049002234162,-0.8599839390019485,-0.6018581033731462,1.8654217711721475,0.46119288646274875,-0.16612096627628792,-0.5194954933931315,-0.8312337224782831,-0.5789684941907314
84,2,2025-10-01,2025-10-31,8,99.15,3.31,15,4,0,,Visayas,2022-02-15,10,1.875,0.5,0.8,44,0.0,0.0,0.0,4,0,1,0.625,0.375,0.0,0.0,0.0,0.8558357825076975,-0.24290850508487502,-0.5266049002234162,-0.8599839390019485,-0.6018581033731462,1.9664568238172095,-0.8127890938057629,-0.5184417919066288,-0.5194954933931315,-0.8312337224782831,-0.5789684941907314
85,2,2025-11-01,2025-11-30,8,100.0,3.11,12,6,0,,Visayas,2022-02-15,10,1.5,0.75,0.8,45,0.0,0.0,0.0,4,0,1,1.875,0.5,0.0,0.0,0.0,0.4194584202305679,0.3951935262834783,-0.5266049002234162,-0.8599839390019485,-0.6018581033731462,2.067491876462271,0.8745198533916423,-0.16612096627628792,-0.5194954933931315,-0.8312337224782831,-0.5789684941907314
86,2,2025-12-01,2025-12-31,8,100.0,3.06,10,3,1,,Visayas,2022-02-15,10,1.25,0.375,0.8,46,0.0,0.0,0.0,4,0,1,1.5,0.75,0.0,0.0,0.0,0.09049230020122541,-0.6030894427976289,-0.5266049002234162,-0.8599839390019485,-0.6018581033731462,2.1685269291073332,0.46119288646274875,0.45805597089240907,-0.5194954933931315,-0.8312337224782831,-0.5789684941907314
103,3,2023-03-01,2023-03-31,7,73.1,3.16,1,3,0,,Mindanao,2022-04-01,9,0.14285714285714285,0.42857142857142855,0.7777777777777778,11,0.0,0.0,0.0,2,1,0,0.0,0.14285714285714285,0.0,0.0,0.0,-2.024543501570541,-0.4448738996079345,-0.5266049002234162,-0.8599839390019485,-0.6018581033731462,-1.3676999134698344,-2.248612534057193,-1.267217334023019,-0.5194954933931315,-0.8312337224782831,-0.5789684941907314
104,3,2023-04-01,2023-04-30,7,86.85,3.33,5,2,0,,Mindanao,2022-04-01,9,0.7142857142857143,0.2857142857142857,0.7777777777777778,12,0.0,0.0,0.0,2,1,0,0.14285714285714285,0.42857142857142855,0.0,0.0,0.0,-0.7585637121890458,-0.8810105364532284,-0.5266049002234162,-0.8599839390019485,-0.6018581033731462,-1.2666648608247724,-1.8537115719974742,-0.3636789353320229,-0.5194954933931315,-0.8312337224782831,-0.5789684941907314
105,3,2023-05-01,2023-05-31,7,91.6,3.4,6,1,0,,Mindanao,2022-04-01,9,0.8571428571428571,0.14285714285714285,0.7777777777777778,13,0.0,0.0,0.0,2,1,0,0.7142857142857143,0.2857142857142857,0.0,0.0,0.0,-0.5086471394045977,-1.368569815447595,-0.5266049002234162,-0.8599839390019485,-0.6018581033731462,-1.1656298081797105,-0.6546035710512093,-0.790297903444985,-0.5194954933931315,-0.8312337224782831,-0.5789684941907314
106,3,2023-06-01,2023-06-30,7,75.67,3.32,4,2,0,,Mindanao,2022-04-01,9,0.5714285714285714,0.2857142857142857,0.7777777777777778,14,0.0,0.0,0.0,3,1,0,0.8571428571428571,0.14285714285714285,0.0,0.0,0.0,-1.0302384938468054,-0.8810105364532284,-0.5266049002234162,-0.8599839390019485,-0.6018581033731462,-1.0645947555346487,-0.41788813174604394,-1.267217334023019,-0.5194954933931315,-0.8312337224782831,-0.5789684941907314
107,3,2023-07-01,2023-07-31,7,71.53,3.3,6,7,0,,Mindanao,2022-04-01,9,0.8571428571428571,1.0,0.7777777777777778,15,0.0,0.0,0.0,4,1,0,0.5714285714285714,0.2857142857142857,0.0,0.0,0.0,-0.5086471394045977,0.947942647991121,-0.5266049002234162,-0.8599839390019485,-0.6018581033731462,-0.9635597028895867,-0.9119279036144529,-0.790297903444985,-0.5194954933931315,-0.8312337224782831,-0.5789684941907314
108,3,2023-08-01,2023-08-31,7,79.78,3.31,13,5,0,,Mindanao,2022-04-01,9,1.8571428571428572,0.7142857142857143,0.7777777777777778,16,0.0,0.0,0.0,4,1,0,0.8571428571428571,1.0,0.0,0.0,0.0,0.8363821972217917,0.3098406166227677,-0.5266049002234162,-0.8599839390019485,-0.6018581033731462,-0.8625246502445247,-0.41788813174604394,0.998742627335601,-0.5194954933931315,-0.8312337224782831,-0.5789684941907314
109,3,2023-09-01,2023-09-30,7,93.28,3.4,12,2,0,,Mindanao,2022-04-01,9,1.7142857142857142,0.2857142857142857,0.7777777777777778,17,0.0,0.0,0.0,4,1,0,1.8571428571428572,0.7142857142857143,0.0,0.0,0.0,0.6762296397590386,-0.8810105364532284,-0.5266049002234162,-0.8599839390019485,-0.6018581033731462,-0.7614895975994628,0.8560938485224676,0.374565690166904,-0.5194954933931315,-0.8312337224782831,-0.5789684941907314
110,3,2023-10-01,2023-10-31,7,95.25,3.42,18,8,0,,Mindanao,2022-04-01,9,2.5714285714285716,1.1428571428571428,0.7777777777777778,18,0.0,0.0,0.0,4,1,0,1.7142857142857142,0.2857142857142857,0.0,0.0,0.0,1.5331011514437225,1.2335365324624281,-0.5266049002234162,-0.8599839390019485,-0.6018581033731462,-0.6604545449544008,0.7044008952570632,-0.790297903444985,-0.5194954933931315,-0.8312337224782831,-0.5789684941907314
111,3,2023-11-01,2023-11-30,7,94.03,3.37,7,10,2,,Mindanao,2022-04-01,9,1.0,1.4285714285714286,0.7777777777777778,19,0.0,0.0,0.0,5,1,0,2.5714285714285716,1.1428571428571428,0.0,0.0,0.0,-0.2772605339913625,1.751645540226117,-0.5266049002234162,-0.8599839390019485,-0.6018581033731462,-0.559419492309339,1.5160106018748993,1.2781040888579003,-0.5194954933931315,-0.8312337224782831,-0.5789684941907314
112,3,2023-12-01,2023-12-31,7,100.0,3.42,7,3,1,,Mindanao,2022-04-01,9,1.0,0.42857142857142855,0.7777777777777778,20,0.0,0.0,0.0,4,1,0,1.0,1.4285714285714286,0.0,0.0,0.0,-0.2772605339913625,-0.4448738996079345,-0.5266049002234162,-0.8599839390019485,-0.6018581033731462,-0.458384439664277,-0.19872386688968258,1.784906571357395,-0.5194954933931315,-0.8312337224782831,-0.5789684941907314
113,3,2024-01-01,2024-01-31,7,100.0,3.44,11,4,0,,Mindanao,2022-04-01,9,1.5714285714285714,0.5714285714285714,0.7777777777777778,21,0.0,0.0,0.0,4,1,0,1.0,0.42857142857142855,0.0,0.0,0.0,0.5074160771924495,-0.05034032108998617,-0.5266049002234162,-0.8599839390019485,-0.6018581033731462,-0.35734938701921504,-0.19872386688968258,-0.3636789353320229,-0.5194954933931315,-0.8312337224782831,-0.5789684941907314
114,3,2024-02-01,2024-02-29,7,100.0,3.5,10,5,0,,Mindanao,2022-04-01,9,1.4285714285714286,0.7142857142857143,0.7777777777777778,22,0.0,0.0,0.0,4,1,0,1.5714285714285714,0.5714285714285714,0.0,0.0,0.0,0.3289509139331368,0.3098406166227677,-0.5266049002234162,-0.8599839390019485,-0.6018581033731462,-0.25631433437415313,0.5445044298950557,0.022244864536563144,-0.5194954933931315,-0.8312337224782831,-0.5789684941907314
115,3,2024-03-01,2024-03-31,7,100.0,3.58,7,0,0,,Mindanao,2022-04-01,9,1.0,0.0,0.7777777777777778,23,0.0,0.0,0.0,4,1,0,1.4285714285714286,0.7142857142857143,0.0,0.0,0.0,-0.2772605339913625,-1.9213189371552377,-0.5266049002234162,-0.8599839390019485,-0.6018581033731462,-0.15527928172909117,0.3754661822473786,0.374565690166904,-0.5194954933931315,-0.8312337224782831,-0.5789684941907314
116,3,2024-04-01,2024-04-30,7,100.0,3.68,11,4,1,,Mindanao,2022-04-01,9,1.5714285714285714,0.5714285714285714,0.7777777777777778,24,0.0,0.0,0.0,4,1,0,1.0,0.0,0.0,0.0,0.0,0.5074160771924495,-0.05034032108998617,-0.5266049002234162,-0.8599839390019485,-0.6018581033731462,-0.05424422908402924,-0.19872386688968258,-1.807903990466211,-0.5194954933931315,-0.8312337224782831,-0.5789684941907314
117,3,2024-05-01,2024-05-31,7,80.1,3.84,13,5,0,,Mindanao,2022-04-01,9,1.8571428571428572,0.7142857142857143,0.7777777777777778,25,0.0,0.0,0.0,4,1,0,1.5714285714285714,0.5714285714285714,0.0,0.0,0.0,0.8363821972217917,0.3098406166227677,-0.5266049002234162,-0.8599839390019485,-0.6018581033731462,0.046790823561032695,0.5445044298950557,0.022244864536563144,-0.5194954933931315,-0.8312337224782831,-0.5789684941907314
118,3,2024-06-01,2024-06-30,7,48.25,3.5,13,7,1,,Mindanao,2022-04-01,9,1.8571428571428572,1.0,0.7777777777777778,26,25.0,0.0,0.0,4,1,0,1.8571428571428572,0.7142857142857143,0.0,0.0,0.0,0.8363821972217917,0.947942647991121,0.972713602162973,-0.8599839390019485,-0.6018581033731462,0.14782587620609464,0.8560938485224676,0.374565690166904,-0.5194954933931315,-0.8312337224782831,-0.5789684941907314
119,3,2024-07-01,2024-07-31,7,53.45,3.55,8,7,1,,Mindanao,2022-04-01,9,1.1428571428571428,1.0,0.7777777777777778,27,25.0,0.0,0.0,4,1,0,1.8571428571428572,1.0,25.0,0.0,0.0,-0.061844757967115735,0.947942647991121,0.972713602162973,-0.8599839390019485,-0.6018581033731462,0.24886092885115657,0.8560938485224676,0.998742627335601,1.1015354475644268,-0.8312337224782831,-0.5789684941907314
120,3,2024-08-01,2024-08-31,7,57.1,3.44,14,5,1,,Mindanao,2022-04-01,9,2.0,0.7142857142857143,0.7777777777777778,28,20.0,0.0,20.0,5,1,0,1.1428571428571428,1.0,25.0,0.0,0.0,0.9887192553901332,0.3098406166227677,0.6728499016856951,-0.8599839390019485,0.7152125443671917,0.3498959814962185,0.00531318230122179,0.998742627335601,1.1015354475644268,-0.8312337224782831,-0.5789684941907314
121,3,2024-09-01,2024-09-30,7,70.07,3.5,13,10,2,,Mindanao,2022-04-01,9,1.8571428571428572,1.4285714285714286,0.7777777777777778,29,20.0,0.0,20.0,5,1,0,2.0,0.7142857142857143,20.0,0.0,20.0,0.8363821972217917,1.751645540226117,0.6728499016856951,-0.8599839390019485,0.7152125443671917,0.45093103414128044,1.0003841340565827,0.374565690166904,0.777329259372915,-0.8312337224782831,0.7569020739656607
122,3,2024-10-01,2024-10-31,7,83.07,3.51,19,12,0,,Mindanao,2022-04-01,9,2.7142857142857144,1.7142857142857142,0.7777777777777778,30,20.0,0.0,20.0,5,1,0,1.8571428571428572,1.4285714285714286,20.0,0.0,20.0,1.655559605165805,2.212060659923301,0.6728499016856951,-0.8599839390019485,0.7152125443671917,0.5519660867863424,0.8560938485224676,1.784906571357395,0.777329259372915,-0.8312337224782831,0.7569020739656607
123,3,2024-11-01,2024-11-30,7,74.2,3.19,7,7,1,,Mindanao,2022-04-01,9,1.0,1.0,0.7777777777777778,31,25.0,0.0,25.0,4,1,0,2.7142857142857144,1.7142857142857142,20.0,0.0,20.0,-0.2772605339913625,0.947942647991121,0.972713602162973,-0.8599839390019485,1.0444802063022762,0.6530011394314043,1.6320005354214668,2.2352742008452453,0.777329259372915,-0.8312337224782831,0.7569020739656607
124,3,2024-12-01,2024-12-31,7,79.0,3.25,9,8,0,,Mindanao,2022-04-01,9,1.2857142857142858,1.1428571428571428,0.7777777777777778,32,25.0,0.0,25.0,4,1,0,1.0,1.0,25.0,0.0,25.0,0.13966324299986196,1.2335365324624281,0.972713602162973,-0.8599839390019485,1.0444802063022762,0.7540361920764662,-0.19872386688968258,0.998742627335601,1.1015354475644268,-0.8312337224782831,1.0908697160047587
125,3,2025-01-01,2025-01-31,7,86.0,3.23,7,6,0,,Mindanao,2022-04-01,9,1.0,0.8571428571428571,0.7777777777777778,33,25.0,0.0,25.0,4,1,0,1.2857142857142858,1.1428571428571428,25.0,0.0,25.0,-0.2772605339913625,0.6411749605253837,0.972713602162973,-0.8599839390019485,1.0444802063022762,0.8550712447215282,0.1961770951700369,1.2781040888579003,1.1015354475644268,-0.8312337224782831,1.0908697160047587
126,3,2025-02-01,2025-02-28,7,95.95,3.29,7,3,1,,Mindanao,2022-04-01,9,1.0,0.42857142857142855,0.7777777777777778,34,33.33333333333333,0.0,33.33333333333333,3,1,0,1.0,0.8571428571428571,25.0,0.0,25.0,-0.2772605339913625,-0.4448738996079345,1.4724864362917691,-0.8599839390019485,1.5932596428607497,0.9561062973665901,-0.19872386688968258,0.6986694318717317,1.1015354475644268,-0.8312337224782831,1.0908697160047587
127,3,2025-03-01,2025-03-31,7,100.0,3.29,3,4,0,,Mindanao,2022-04-01,9,0.42857142857142855,0.5714285714285714,0.7777777777777778,35,33.33333333333333,0.0,33.33333333333333,3,1,0,1.0,0.42857142857142855,33.33333333333333,0.0,33.33333333333333,-1.3278245473486112,-0.05034032108998617,1.4724864362917691,-0.8599839390019485,1.5932596428607497,1.057141350011652,-0.19872386688968258,-0.3636789353320229,1.641879094550279,-0.8312337224782831,1.6474824527365883
128,3,2025-04-01,2025-04-30,7,100.0,3.29,9,6,1,,Mindanao,2022-04-01,9,1.2857142857142858,0.8571428571428571,0.7777777777777778,36,33.33333333333333,0.0,33.33333333333333,3,1,0,0.42857142857142855,0.5714285714285714,33.33333333333333,0.0,33.33333333333333,0.13966324299986196,0.6411749605253837,1.4724864362917691,-0.8599839390019485,1.5932596428607497,1.158176402656714,-1.193794818645043,0.022244864536563144,1.641879094550279,-0.8312337224782831,1.6474824527365883
129,3,2025-05-01,2025-05-31,7,100.0,3.42,6,4,0,,Mindanao,2022-04-01,9,0.8571428571428571,0.5714285714285714,0.7777777777777778,37,33.33333333333333,0.0,33.33333333333333,3,1,0,1.2857142857142858,0.8571428571428571,33.33333333333333,0.0,33.33333333333333,-0.5086471394045977,-0.05034032108998617,1.4724864362917691,-0.8599839390019485,1.5932596428607497,1.259211455301776,0.1961770951700369,0.6986694318717317,1.641879094550279,-0.8312337224782831,1.6474824527365883
152,4,2023-02-01,2023-02-28,8,45.9,3.17,2,0,0,,Visayas,2022-05-16,12,0.25,0.0,0.6666666666666666,9,0.0,0.0,0.0,1,0,1,0.5,0.0,0.0,0.0,0.0,-1.744748324339835,-1.9213189371552377,-0.5266049002234162,-0.8599839390019485,-0.6018581033731462,-1.5697700187599584,-1.0495045331109283,-1.807903990466211,-0.5194954933931315,-0.8312337224782831,-0.5789684941907314
153,4,2023-03-01,2023-03-31,8,53.8,3.44,1,0,0,,Visayas,2022-05-16,12,0.125,0.0,0.6666666666666666,10,0.0,0.0,0.0,1,0,1,0.25,0.0,0.0,0.0,0.0,-2.0737144443691773,-1.9213189371552377,-0.5266049002234162,-0.8599839390019485,-0.6018581033731462,-1.4687349661148963,-1.5886957807047624,-1.807903990466211,-0.5194954933931315,-0.8312337224782831,-0.5789684941907314
154,4,2023-04-01,2023-04-30,8,74.8,3.52,1,0,0,,Visayas,2022-05-16,12,0.125,0.0,0.6666666666666666,11,0.0,0.0,0.0,1,0,1,0.125,0.0,0.0,0.0,0.0,-2.0737144443691773,-1.9213189371552377,-0.5266049002234162,-0.8599839390019485,-0.6018581033731462,-1.3676999134698344,-1.900285199332174,-1.807903990466211,-0.5194954933931315,-0.8312337224782831,-0.5789684941907314
155,4,2023-05-01,2023-05-31,8,77.4,3.61,2,2,0,,Visayas,2022-05-16,12,0.25,0.25,0.6666666666666666,12,0.0,0.0,0.0,1,0,1,0.125,0.0,0.0,0.0,0.0,-1.744748324339835,-0.9976230213155769,-0.5266049002234162,-0.8599839390019485,-0.6018581033731462,-1.2666648608247724,-1.900285199332174,-1.807903990466211,-0.5194954933931315,-0.8312337224782831,-0.5789684941907314
156,4,2023-06-01,2023-06-30,8,93.0,3.67,2,1,0,,Visayas,2022-05-16,12,0.25,0.125,0.6666666666666666,13,0.0,0.0,0.0,1,0,1,0.25,0.25,0.0,0.0,0.0,-1.744748324339835,-1.4337596581608711,-0.5266049002234162,-0.8599839390019485,-0.6018581033731462,-1.1656298081797105,-1.5886957807047624,-0.9043655917752146,-0.5194954933931315,-0.8312337224782831,-0.5789684941907314
157,4,2023-07-01,2023-07-31,8,73.8,3.33,2,0,0,,Visayas,2022-05-16,12,0.25,0.0,0.6666666666666666,14,0.0,0.0,0.0,2,0,1,0.25,0.125,0.0,0.0,0.0,-1.744748324339835,-1.9213189371552377,-0.5266049002234162,-0.8599839390019485,-0.6018581033731462,-1.0645947555346487,-1.5886957807047624,-1.3309845598881769,-0.5194954933931315,-0.8312337224782831,-0.5789684941907314
158,4,2023-08-01,2023-08-31,8,86.95,3.33,5,4,0,,Visayas,2022-05-16,12,0.625,0.5,0.6666666666666666,15,0.0,0.0,0.0,2,0,1,0.25,0.0,0.0,0.0,0.0,-0.9255709163958217,-0.24290850508487502,-0.5266049002234162,-0.8599839390019485,-0.6018581033731462,-0.9635597028895867,-1.5886957807047624,-1.807903990466211,-0.5194954933931315,-0.8312337224782831,-0.5789684941907314
159,4,2023-09-01,2023-09-30,8,90.8,3.37,3,3,0,,Visayas,2022-05-16,12,0.375,0.375,0.6666666666666666,16,0.0,0.0,0.0,2,0,1,0.625,0.5,0.0,0.0,0.0,-1.4471622708380296,-0.6030894427976289,-0.5266049002234162,-0.8599839390019485,-0.6018581033731462,-0.8625246502445247,-0.8127890938057629,-0.16612096627628792,-0.5194954933931315,-0.8312337224782831,-0.5789684941907314
160,4,2023-10-01,2023-10-31,8,72.87,3.3,4,3,0,,Visayas,2022-05-16,12,0.5,0.375,0.6666666666666666,17,33.33333333333333,0.0,33.33333333333333,3,0,1,0.375,0.375,0.0,0.0,0.0,-1.17548748918027,-0.6030894427976289,1.4724864362917691,-0.8599839390019485,1.5932596428607497,-0.7614895975994628,-1.306828865674172,-0.5184417919066288,-0.5194954933931315,-0.8312337224782831,-0.5789684941907314
161,4,2023-11-01,2023-11-30,8,77.23,3.31,8,2,0,,Visayas,2022-05-16,12,1.0,0.25,0.6666666666666666,18,33.33333333333333,0.0,33.33333333333333,3,0,1,0.5,0.375,33.33333333333333,0.0,33.33333333333333,-0.2772605339913625,-0.9976230213155769,1.4724864362917691,-0.8599839390019485,1.5932596428607497,-0.6604545449544008,-1.0495045331109283,-0.5184417919066288,1.641879094550279,-0.8312337224782831,1.6474824527365883
162,4,2023-12-01,2023-12-31,8,81.3,3.34,10,8,0,,Visayas,2022-05-16,12,1.25,1.0,0.6666666666666666,19,33.33333333333333,0.0,33.33333333333333,3,0,1,1.0,0.25,33.33333333333333,0.0,33.33333333333333,0.09049230020122541,0.947942647991121,1.4724864362917691,-0.8599839390019485,1.5932596428607497,-0.559419492309339,-0.19872386688968258,-0.9043655917752146,1.641879094550279,-0.8312337224782831,1.6474824527365883
163,4,2024-01-01,2024-01-31,8,50.38,2.98,12,7,0,,Visayas,2022-05-16,12,1.5,0.875,0.6666666666666666,20,16.666666666666664,16.666666666666664,33.33333333333333,6,0,1,1.25,1.0,33.33333333333333,0.0,33.33333333333333,0.4194584202305679,0.6807874107547854,0.4729407680341764,-0.13290119085061305,1.5932596428607497,-0.458384439664277,0.14960346783533654,0.998742627335601,1.641879094550279,-0.8312337224782831,1.6474824527365883
164,4,2024-02-01,2024-02-29,8,52.98,2.98,19,6,2,,Visayas,2022-05-16,12,2.375,0.75,0.6666666666666666,21,28.57142857142857,14.285714285714285,28.57142857142857,7,0,1,1.5,0.875,16.666666666666664,16.666666666666664,33.33333333333333,1.3564720895827207,0.3951935262834783,1.1869019596467427,-0.23677015487223235,1.279671393398765,-0.35734938701921504,0.46119288646274875,0.7374174324147083,0.5611918005785738,-0.12327162115540115,1.6474824527365883
165,4,2024-03-01,2024-03-31,8,61.73,3.02,23,9,3,,Visayas,2022-05-16,12,2.875,1.125,0.6666666666666666,22,28.57142857142857,14.285714285714285,28.57142857142857,7,0,1,2.375,0.75,28.57142857142857,14.285714285714285,28.57142857142857,1.7878175565921064,1.1988964185184745,1.1869019596467427,-0.23677015487223235,1.279671393398765,-0.25631433437415313,1.3487114687816015,0.45805597089240907,1.3331112962726492,-0.2244090642015271,1.3294180317469715
166,4,2024-04-01,2024-04-30,8,59.88,3.0,15,6,0,,Visayas,2022-05-16,12,1.875,0.75,0.6666666666666666,23,28.57142857142857,14.285714285714285,28.57142857142857,7,0,1,2.875,1.125,28.57142857142857,14.285714285714285,28.57142857142857,0.8558357825076975,0.3951935262834783,1.1869019596467427,-0.23677015487223235,1.279671393398765,-0.15527928172909117,1.7572723360254254,1.2442199149142033,1.3331112962726492,-0.2244090642015271,1.3294180317469715
167,4,2024-05-01,2024-05-31,8,64.03,3.02,27,8,0,,Visayas,2022-05-16,12,3.375,1.0,0.6666666666666666,24,28.57142857142857,14.285714285714285,28.57142857142857,7,0,1,1.875,0.75,28.57142857142857,14.285714285714285,28.57142857142857,2.1667413878097466,0.947942647991121,1.1869019596467427,-0.23677015487223235,1.279671393398765,-0.05424422908402924,0.8745198533916423,0.45805597089240907,1.3331112962726492,-0.2244090642015271,1.3294180317469715
168,4,2024-06-01,2024-06-30,8,75.85,3.06,14,4,1,,Visayas,2022-05-16,12,1.75,0.5,0.6666666666666666,25,28.57142857142857,14.285714285714285,28.57142857142857,7,0,1,3.375,1.0,28.57142857142857,14.285714285714285,28.57142857142857,0.7170444737323733,-0.24290850508487502,1.1869019596467427,-0.23677015487223235,1.279671393398765,0.046790823561032695,2.1161805915705405,0.998742627335601,1.3331112962726492,-0.2244090642015271,1.3294180317469715
169,4,2024-07-01,2024-07-31,8,74.47,3.22,17,4,1,,Visayas,2022-05-16,12,2.125,0.5,0.6666666666666666,26,28.57142857142857,14.285714285714285,28.57142857142857,7,0,1,1.75,0.5,28.57142857142857,14.285714285714285,28.57142857142857,1.1161773744524979,-0.24290850508487502,1.1869019596467427,-0.23677015487223235,1.279671393398765,0.14782587620609464,0.7430598014933387,-0.16612096627628792,1.3331112962726492,-0.2244090642015271,1.3294180317469715
170,4,2024-08-01,2024-08-31,8,75.7,3.13,28,3,1,,Visayas,2022-05-16,12,3.5,0.375,0.6666666666666666,27,28.57142857142857,14.285714285714285,28.57142857142857,7,0,1,2.125,0.5,28.57142857142857,14.285714285714285,28.57142857142857,2.2546990447716286,-0.6030894427976289,1.1869019596467427,-0.23677015487223235,1.279671393398765,0.24886092885115657,1.1211096398151799,-0.16612096627628792,1.3331112962726492,-0.2244090642015271,1.3294180317469715
171,4,2024-09-01,2024-09-30,8,78.0,3.08,16,5,2,,Visayas,2022-05-16,12,2.0,0.625,0.6666666666666666,28,33.33333333333333,16.666666666666664,33.33333333333333,6,0,1,3.5,0.375,28.57142857142857,14.285714285714285,28.57142857142857,0.9887192553901332,0.08842583881774124,1.4724864362917691,-0.13290119085061305,1.5932596428607497,0.3498959814962185,2.199492135002848,-0.5184417919066288,1.3331112962726492,-0.2244090642015271,1.3294180317469715
172,4,2024-10-01,2024-10-31,8,70.4,3.08,12,3,2,,Visayas,2022-05-16,12,1.5,0.375,0.6666666666666666,29,33.33333333333333,16.666666666666664,33.33333333333333,6,0,1,2.0,0.625,33.33333333333333,16.666666666666664,33.33333333333333,0.4194584202305679,-0.6030894427976289,1.4724864362917691,-0.13290119085061305,1.5932596428607497,0.45093103414128044,1.0003841340565827,0.15798277542853995,1.641879094550279,-0.12327162115540115,1.6474824527365883
173,4,2024-11-01,2024-11-30,8,71.2,3.05,10,5,0,,Visayas,2022-05-16,12,1.25,0.625,0.6666666666666666,30,40.0,20.0,40.0,5,0,1,1.5,0.375,33.33333333333333,16.666666666666664,33.33333333333333,0.09049230020122541,0.08842583881774124,1.8723047035948066,0.012515358779654175,2.0322831921075295,0.5519660867863424,0.46119288646274875,-0.5184417919066288,1.641879094550279,-0.12327162115540115,1.6474824527365883
174,4,2024-12-01,2024-12-31,8,88.1,3.17,17,3,0,,Visayas,2022-05-16,12,2.125,0.375,0.6666666666666666,31,40.0,20.0,40.0,5,0,1,1.25,0.625,40.0,20.0,40.0,1.1161773744524979,-0.6030894427976289,1.8723047035948066,0.012515358779654175,2.0322831921075295,0.6530011394314043,0.14960346783533654,0.15798277542853995,2.0741540121389614,0.018320799109175355,2.0927726421220525
175,4,2025-01-01,2025-01-31,8,65.9,3.29,16,11,0,,Visayas,2022-05-16,12,2.0,1.375,0.6666666666666666,32,40.0,20.0,40.0,5,0,1,2.125,0.375,40.0,20.0,40.0,0.9887192553901332,1.6593115382156582,1.8723047035948066,0.012515358779654175,2.0322831921075295,0.7540361920764662,1.1211096398151799,-0.5184417919066288,2.0741540121389614,0.018320799109175355,2.0927726421220525
176,4,2025-02-01,2025-02-28,8,68.5,3.33,15,3,0,,Visayas,2022-05-16,12,1.875,0.375,0.6666666666666666,33,40.0,20.0,40.0,5,0,1,2.0,1.375,40.0,20.0,40.0,0.8558357825076975,-0.6030894427976289,1.8723047035948066,0.012515358779654175,2.0322831921075295,0.8550712447215282,1.0003841340565827,1.6945875444020535,2.0741540121389614,0.018320799109175355,2.0927726421220525
177,4,2025-03-01,2025-03-31,8,94.8,3.31,18,4,1,,Visayas,2022-05-16,12,2.25,0.5,0.6666666666666666,34,40.0,20.0,40.0,5,0,1,1.875,0.375,40.0,20.0,40.0,1.2386358281745813,-0.24290850508487502,1.8723047035948066,0.012515358779654175,2.0322831921075295,0.9561062973665901,0.8745198533916423,-0.5184417919066288,2.0741540121389614,0.018320799109175355,2.0927726421220525
178,4,2025-04-01,2025-04-30,8,88.0,3.27,19,12,1,,Visayas,2022-05-16,12,2.375,1.5,0.6666666666666666,35,40.0,20.0,40.0,5,0,1,2.25,0.5,40.0,20.0,40.0,1.3564720895827207,1.871638563830782,1.8723047035948066,0.012515358779654175,2.0322831921075295,1.057141350011652,1.237099573361748,-0.16612096627628792,2.0741540121389614,0.018320799109175355,2.0927726421220525
179,4,2025-05-01,2025-05-31,8,95.4,3.39,14,7,0,,Visayas,2022-05-16,12,1.75,0.875,0.6666666666666666,36,40.0,20.0,40.0,5,0,1,2.375,1.5,40.0,20.0,40.0,0.7170444737323733,0.6807874107547854,1.8723047035948066,0.012515358779654175,2.0322831921075295,1.158176402656714,1.3487114687816015,1.9022810260265977,2.0741540121389614,0.018320799109175355,2.0927726421220525
203,5,2023-03-01,2023-03-31,6,50.5,3.11,7,2,0,,Luzon,2022-06-30,11,1.1666666666666667,0.3333333333333333,0.5454545454545454,9,0.0,0.0,0.0,1,0,0,0.0,0.0,0.0,0.0,0.0,-0.02734396120691406,-0.7304677840792416,-0.5266049002234162,-0.8599839390019485,-0.6018581033731462,-1.5697700187599584,-2.248612534057193,-1.807903990466211,-0.5194954933931315,-0.8312337224782831,-0.5789684941907314
204,5,2023-04-01,2023-04-30,6,72.1,3.26,4,3,0,,Luzon,2022-06-30,11,0.6666666666666666,0.5,0.5454545454545454,10,0.0,0.0,0.0,1,0,0,1.1666666666666667,0.3333333333333333,0.0,0.0,0.0,-0.8465213691509275,-0.24290850508487502,-0.5266049002234162,-0.8599839390019485,-0.6018581033731462,-1.4687349661148963,0.037991572415483045,-0.643040396854322,-0.5194954933931315,-0.8312337224782831,-0.5789684941907314
205,5,2023-05-01,2023-05-31,6,88.7,3.33,2,1,0,,Luzon,2022-06-30,11,0.3333333333333333,0.16666666666666666,0.5454545454545454,11,0.0,0.0,0.0,1,0,0,0.6666666666666666,0.5,0.0,0.0,0.0,-1.543240323372858,-1.2832169057868843,-0.5266049002234162,-0.8599839390019485,-0.6018581033731462,-1.3676999134698344,-0.7379151144835162,-0.16612096627628792,-0.5194954933931315,-0.8312337224782831,-0.5789684941907314
206,5,2023-06-01,2023-06-30,6,100.0,3.44,4,0,0,,Luzon,2022-06-30,11,0.6666666666666666,0.0,0.5454545454545454,12,0.0,0.0,0.0,1,0,0,0.3333333333333333,0.16666666666666666,0.0,0.0,0.0,-0.8465213691509275,-1.9213189371552377,-0.5266049002234162,-0.8599839390019485,-0.6018581033731462,-1.2666648608247724,-1.3978318678359476,-1.183727053297514,-0.5194954933931315,-0.8312337224782831,-0.5789684941907314
207,5,2023-07-01,2023-07-31,6,100.0,3.42,1,3,0,,Luzon,2022-06-30,11,0.16666666666666666,0.5,0.5454545454545454,13,0.0,0.0,0.0,1,0,0,0.6666666666666666,0.0,0.0,0.0,0.0,-1.9601641003640822,-0.24290850508487502,-0.5266049002234162,-0.8599839390019485,-0.6018581033731462,-1.1656298081797105,-0.7379151144835162,-1.807903990466211,-0.5194954933931315,-0.8312337224782831,-0.5789684941907314
208,5,2023-08-01,2023-08-31,6,77.15,3.12,1,0,0,,Luzon,2022-06-30,11,0.16666666666666666,0.0,0.5454545454545454,14,0.0,0.0,0.0,2,0,0,0.16666666666666666,0.5,0.0,0.0,0.0,-1.9601641003640822,-1.9213189371552377,-0.5266049002234162,-0.8599839390019485,-0.6018581033731462,-1.0645947555346487,-1.7927328298956666,-0.16612096627628792,-0.5194954933931315,-0.8312337224782831,-0.5789684941907314
209,5,2023-09-01,2023-09-30,6,84.55,3.24,4,3,1,,Luzon,2022-06-30,11,0.6666666666666666,0.5,0.5454545454545454,15,0.0,0.0,0.0,2,0,0,0.16666666666666666,0.0,0.0,0.0,0.0,-0.8465213691509275,-0.24290850508487502,-0.5266049002234162,-0.8599839390019485,-0.6018581033731462,-0.9635597028895867,-1.7927328298956666,-1.807903990466211,-0.5194954933931315,-0.8312337224782831,-0.5789684941907314
210,5,2023-10-01,2023-10-31,6,78.67,3.27,10,10,0,,Luzon,2022-06-30,11,1.6666666666666667,1.6666666666666667,0.5454545454545454,16,0.0,0.0,0.0,3,0,0,0.6666666666666666,0.5,0.0,0.0,0.0,0.6209664211975449,2.1387938010671173,-0.5266049002234162,-0.8599839390019485,-0.6018581033731462,-0.8625246502445247,-0.7379151144835162,-0.16612096627628792,-0.5194954933931315,-0.8312337224782831,-0.5789684941907314
211,5,2023-11-01,2023-11-30,6,86.77,3.38,14,3,0,,Luzon,2022-06-30,11,2.3333333333333335,0.5,0.5454545454545454,17,0.0,0.0,0.0,3,0,0,1.6666666666666667,1.6666666666666667,0.0,0.0,0.0,1.3176853754194757,-0.24290850508487502,-0.5266049002234162,-0.8599839390019485,-0.6018581033731462,-0.7614895975994628,0.6520567993315632,2.1636062209474898,-0.5194954933931315,-0.8312337224782831,-0.5789684941907314
212,5,2023-12-01,2023-12-31,6,98.0,3.35,8,1,0,,Luzon,2022-06-30,11,1.3333333333333333,0.16666666666666666,0.5454545454545454,18,0.0,0.0,0.0,3,0,0,2.3333333333333335,0.5,0.0,0.0,0.0,0.20404264420632073,-1.2832169057868843,-0.5266049002234162,-0.8599839390019485,-0.6018581033731462,-0.6604545449544008,1.3119735526839948,-0.16612096627628792,-0.5194954933931315,-0.8312337224782831,-0.5789684941907314
213,5,2024-01-01,2024-01-31,6,84.17,3.14,15,7,0,,Luzon,2022-06-30,11,2.5,1.1666666666666667,0.5454545454545454,19,0.0,0.0,0.0,4,0,0,1.3333333333333333,0.16666666666666666,0.0,0.0,0.0,1.4700224335878165,1.2792769918937374,-0.5266049002234162,-0.8599839390019485,-0.6018581033731462,-0.559419492309339,0.25715583727184405,-1.183727053297514,-0.5194954933931315,-0.8312337224782831,-0.5789684941907314
214,5,2024-02-01,2024-02-29,6,87.5,3.12,9,5,0,,Luzon,2022-06-30,11,1.5,0.8333333333333334,0.5454545454545454,20,0.0,0.0,0.0,4,0,0,2.5,1.1666666666666667,0.0,0.0,0.0,0.4194584202305679,0.5877617102783672,-0.5266049002234162,-0.8599839390019485,-0.6018581033731462,-0.458384439664277,1.4562638382181092,1.322846369040429,-0.5194954933931315,-0.8312337224782831,-0.5789684941907314
215,5,2024-03-01,2024-03-31,6,94.23,3.08,18,3,0,,Luzon,2022-06-30,11,3.0,0.5,0.5454545454545454,21,0.0,0.0,0.0,4,0,0,1.5,0.8333333333333334,0.0,0.0,0.0,1.8869462105790402,-0.24290850508487502,-0.5266049002234162,-0.8599839390019485,-0.6018581033731462,-0.35734938701921504,0.46119288646274875,0.6464218017052602,-0.5194954933931315,-0.8312337224782831,-0.5789684941907314
216,5,2024-04-01,2024-04-30,6,99.53,3.2,12,4,0,,Luzon,2022-06-30,11,2.0,0.6666666666666666,0.5454545454545454,22,0.0,0.0,0.0,4,0,0,3.0,0.5,0.0,0.0,0.0,0.9887192553901332,0.19322813176041934,-0.5266049002234162,-0.8599839390019485,-0.6018581033731462,-0.25631433437415313,1.8511648002778283,-0.16612096627628792,-0.5194954933931315,-0.8312337224782831,-0.5789684941907314
217,5,2024-05-01,2024-05-31,6,86.33,3.19,13,8,0,,Luzon,2022-06-30,11,2.1666666666666665,1.3333333333333333,0.5454545454545454,23,0.0,0.0,0.0,5,0,0,2.0,0.6666666666666666,0.0,0.0,0.0,1.1575328179567215,1.5860446793594745,-0.5266049002234162,-0.8599839390019485,-0.6018581033731462,-0.15527928172909117,1.0003841340565827,0.26049800183667454,-0.5194954933931315,-0.8312337224782831,-0.5789684941907314
218,5,2024-06-01,2024-06-30,6,81.7,3.14,15,7,0,,Luzon,2022-06-30,11,2.5,1.1666666666666667,0.5454545454545454,24,0.0,0.0,0.0,5,0,0,2.1666666666666665,1.3333333333333333,0.0,0.0,0.0,1.4700224335878165,1.2792769918937374,-0.5266049002234162,-0.8599839390019485,-0.6018581033731462,-0.05424422908402924,1.1602805994185894,1.622919564504298,-0.5194954933931315,-0.8312337224782831,-0.5789684941907314
219,5,2024-07-01,2024-07-31,6,80.15,3.07,18,10,1,,Luzon,2022-06-30,11,3.0,1.6666666666666667,0.5454545454545454,25,0.0,0.0,0.0,5,0,0,2.5,1.1666666666666667,0.0,0.0,0.0,1.8869462105790402,2.1387938010671173,-0.5266049002234162,-0.8599839390019485,-0.6018581033731462,0.046790823561032695,1.4562638382181092,1.322846369040429,-0.5194954933931315,-0.8312337224782831,-0.5789684941907314
220,5,2024-08-01,2024-08-31,6,79.0,3.1,12,4,2,,Luzon,2022-06-30,11,2.0,0.6666666666666666,0.5454545454545454,26,0.0,16.666666666666664,0.0,6,0,0,3.0,1.6666666666666667,0.0,0.0,0.0,0.9887192553901332,0.19322813176041934,-0.5266049002234162,-0.13290119085061305,-0.6018581033731462,0.14782587620609464,1.8511648002778283,2.1636062209474898,-0.5194954933931315,-0.8312337224782831,-0.5789684941907314
221,5,2024-09-01,2024-09-30,6,84.8,3.09,18,4,0,,Luzon,2022-06-30,11,3.0,0.6666666666666666,0.5454545454545454,27,0.0,16.666666666666664,0.0,6,0,0,2.0,0.6666666666666666,0.0,16.666666666666664,0.0,1.8869462105790402,0.19322813176041934,-0.5266049002234162,-0.13290119085061305,-0.6018581033731462,0.24886092885115657,1.0003841340565827,0.26049800183667454,-0.5194954933931315,-0.12327162115540115,-0.5789684941907314
222,5,2024-10-01,2024-10-31,6,86.63,3.16,7,8,1,,Luzon,2022-06-30,11,1.1666666666666667,1.3333333333333333,0.5454545454545454,28,0.0,20.0,0.0,5,0,0,3.0,0.6666666666666666,0.0,16.666666666666664,0.0,-0.02734396120691406,1.5860446793594745,-0.5266049002234162,0.012515358779654175,-0.6018581033731462,0.3498959814962185,1.8511648002778283,0.26049800183667454,-0.5194954933931315,-0.12327162115540115,-0.5789684941907314
223,5,2024-11-01,2024-11-30,6,90.7,3.17,4,3,0,,Luzon,2022-06-30,11,0.6666666666666666,0.5,0.5454545454545454,29,0.0,20.0,0.0,5,0,0,1.1666666666666667,1.3333333333333333,0.0,20.0,0.0,-0.8465213691509275,-0.24290850508487502,-0.5266049002234162,0.012515358779654175,-0.6018581033731462,0.45093103414128044,0.037991572415483045,1.622919564504298,-0.5194954933931315,0.018320799109175355,-0.5789684941907314
224,5,2024-12-01,2024-12-31,6,74.9,3.16,7,4,0,,Luzon,2022-06-30,11,1.1666666666666667,0.6666666666666666,0.5454545454545454,30,0.0,20.0,0.0,5,0,0,0.6666666666666666,0.5,0.0,20.0,0.0,-0.02734396120691406,0.19322813176041934,-0.5266049002234162,0.012515358779654175,-0.6018581033731462,0.5519660867863424,-0.7379151144835162,-0.16612096627628792,-0.5194954933931315,0.018320799109175355,-0.5789684941907314
225,5,2025-01-01,2025-01-31,6,95.9,3.24,12,5,0,,Luzon,2022-06-30,11,2.0,0.8333333333333334,0.5454545454545454,31,0.0,20.0,0.0,5,0,0,1.1666666666666667,0.6666666666666666,0.0,20.0,0.0,0.9887192553901332,0.5877617102783672,-0.5266049002234162,0.012515358779654175,-0.6018581033731462,0.6530011394314043,0.037991572415483045,0.26049800183667454,-0.5194954933931315,0.018320799109175355,-0.5789684941907314
226,5,2025-02-01,2025-02-28,6,96.5,3.3,12,6,0,,Luzon,2022-06-30,11,2.0,1.0,0.5454545454545454,32,0.0,20.0,0.0,5,0,0,2.0,0.8333333333333334,0.0,20.0,0.0,0.9887192553901332,0.947942647991121,-0.5266049002234162,0.012515358779654175,-0.6018581033731462,0.7540361920764662,1.0003841340565827,0.6464218017052602,-0.5194954933931315,0.018320799109175355,-0.5789684941907314
256,6,2023-06-01,2023-06-30,5,59.4,2.94,1,0,1,,Mindanao,2022-08-14,8,0.2,0.0,0.625,10,0.0,100.0,0.0,1,1,0,0.2,0.2,0.0,100.0,0.0,-1.8722064434022,-1.9213189371552377,-0.5266049002234162,3.502512549906065,-0.6018581033731462,-1.4687349661148963,-1.7094212864633593,-1.069659364967284,-0.5194954933931315,3.416538885459009,-0.5789684941907314
257,6,2023-07-01,2023-07-31,5,62.1,2.91,6,2,0,,Mindanao,2022-08-14,8,1.2,0.4,0.625,11,0.0,100.0,0.0,1,1,0,0.2,0.0,0.0,100.0,0.0,0.020325519510443226,-0.5285023895561821,-0.5266049002234162,3.502512549906065,-0.6018581033731462,-1.3676999134698344,-1.7094212864633593,-1.807903990466211,-0.5194954933931315,3.416538885459009,-0.5789684941907314
258,6,2023-08-01,2023-08-31,5,77.7,2.88,3,0,0,,Mindanao,2022-08-14,8,0.6,0.0,0.625,12,0.0,100.0,0.0,1,1,0,1.2,0.4,0.0,100.0,0.0,-0.9739794882132926,-1.9213189371552377,-0.5266049002234162,3.502512549906065,-0.6018581033731462,-1.2666648608247724,0.08314304814090771,-0.4454824277985871,-0.5194954933931315,3.416538885459009,-0.5789684941907314
259,6,2023-09-01,2023-09-30,5,100.0,2.98,2,0,0,,Mindanao,2022-08-14,8,0.4,0.0,0.625,13,0.0,100.0,0.0,1,1,0,0.6,0.0,0.0,100.0,0.0,-1.3909032652045168,-1.9213189371552377,-0.5266049002234162,3.502512549906065,-0.6018581033731462,-1.1656298081797105,-0.8586406202421136,-1.807903990466211,-0.5194954933931315,3.416538885459009,-0.5789684941907314
260,6,2023-10-01,2023-10-31,5,77.4,3.05,10,1,0,,Mindanao,2022-08-14,8,2.0,0.2,0.625,14,0.0,50.0,50.0,2,1,0,0.4,0.0,0.0,100.0,0.0,0.9887192553901332,-1.1666044209245354,-0.5266049002234162,1.3212643054520583,2.6908185159776985,-1.0645947555346487,-1.2535415823018328,-1.807903990466211,-0.5194954933931315,3.416538885459009,-0.5789684941907314
261,6,2023-11-01,2023-11-30,5,91.7,3.21,4,6,0,,Mindanao,2022-08-14,8,0.8,1.2,0.625,15,0.0,50.0,50.0,2,1,0,2.0,0.2,0.0,50.0,50.0,-0.6062266540207046,1.3424762265090693,-0.5266049002234162,1.3212643054520583,2.6908185159776985,-0.9635597028895867,1.0003841340565827,-1.069659364967284,-0.5194954933931315,1.292652581490363,2.7607079262002485
262,6,2023-12-01,2023-12-31,5,100.0,3.27,5,0,0,,Mindanao,2022-08-14,8,1.0,0.0,0.625,16,0.0,50.0,50.0,2,1,0,0.8,1.2,0.0,50.0,50.0,-0.2772605339913625,-1.9213189371552377,-0.5266049002234162,1.3212643054520583,2.6908185159776985,-0.8625246502445247,-0.5103132855170944,1.384666427204187,-0.5194954933931315,1.292652581490363,2.7607079262002485
263,6,2024-01-01,2024-01-31,5,100.0,3.22,6,3,0,,Mindanao,2022-08-14,8,1.2,0.6,0.625,17,0.0,50.0,50.0,2,1,0,1.0,0.0,0.0,50.0,50.0,0.020325519510443226,0.024246732151460518,-0.5266049002234162,1.3212643054520583,2.6908185159776985,-0.7614895975994628,-0.19872386688968258,-1.807903990466211,-0.5194954933931315,1.292652581490363,2.7607079262002485
264,6,2024-02-01,2024-02-29,5,100.0,3.33,6,3,1,,Mindanao,2022-08-14,8,1.2,0.6,0.625,18,0.0,50.0,50.0,2,1,0,1.2,0.6,0.0,50.0,50.0,0.020325519510443226,0.024246732151460518,-0.5266049002234162,1.3212643054520583,2.6908185159776985,-0.6604545449544008,0.08314304814090771,0.09520422864460483,-0.5194954933931315,1.292652581490363,2.7607079262002485
265,6,2024-03-01,2024-03-31,5,100.0,3.36,4,4,0,,Mindanao,2022-08-14,8,0.8,0.8,0.625,19,0.0,50.0,50.0,2,1,0,1.2,0.6,0.0,50.0,50.0,-0.6062266540207046,0.5118060111458271,-0.5266049002234162,1.3212643054520583,2.6908185159776985,-0.559419492309339,0.08314304814090771,0.09520422864460483,-0.5194954933931315,1.292652581490363,2.7607079262002485
266,6,2024-04-01,2024-04-30,5,100.0,3.47,10,6,0,,Mindanao,2022-08-14,8,2.0,1.2,0.625,20,0.0,50.0,50.0,2,1,0,0.8,0.8,0.0,50.0,50.0,0.9887192553901332,1.3424762265090693,-0.5266049002234162,1.3212643054520583,2.6908185159776985,-0.458384439664277,-0.5103132855170944,0.572123659222639,-0.5194954933931315,1.292652581490363,2.7607079262002485
267,6,2024-05-01,2024-05-31,5,100.0,3.36,3,2,0,,Mindanao,2022-08-14,8,0.6,0.4,0.625,21,0.0,50.0,50.0,2,1,0,2.0,1.2,0.0,50.0,50.0,-0.9739794882132926,-0.5285023895561821,-0.5266049002234162,1.3212643054520583,2.6908185159776985,-0.35734938701921504,1.0003841340565827,1.384666427204187,-0.5194954933931315,1.292652581490363,2.7607079262002485
268,6,2024-06-01,2024-06-30,5,76.95,3.32,5,4,0,,Mindanao,2022-08-14,8,1.0,0.8,0.625,22,0.0,33.33333333333333,33.33333333333333,3,1,0,0.6,0.4,0.0,50.0,50.0,-0.2772605339913625,0.5118060111458271,-0.5266049002234162,0.5941815573007224,1.5932596428607497,-0.25631433437415313,-0.8586406202421136,-0.4454824277985871,-0.5194954933931315,1.292652581490363,2.7607079262002485
269,6,2024-07-01,2024-07-31,5,74.45,3.38,7,2,0,,Mindanao,2022-08-14,8,1.4,0.4,0.625,23,0.0,33.33333333333333,33.33333333333333,3,1,0,1.0,0.8,0.0,33.33333333333333,33.33333333333333,0.2920003011682024,-0.5285023895561821,-0.5266049002234162,0.5941815573007224,1.5932596428607497,-0.15527928172909117,-0.19872386688968258,0.572123659222639,-0.5194954933931315,0.5846904801674808,1.6474824527365883
270,6,2024-08-01,2024-08-31,5,70.65,3.33,11,2,0,,Mindanao,2022-08-14,8,2.2,0.4,0.625,24,0.0,33.33333333333333,33.33333333333333,3,1,0,1.4,0.4,0.0,33.33333333333333,33.33333333333333,1.1902272563571101,-0.5285023895561821,-0.5266049002234162,0.5941815573007224,1.5932596428607497,-0.05424422908402924,0.340467380704151,-0.4454824277985871,-0.5194954933931315,0.5846904801674808,1.6474824527365883
271,6,2024-09-01,2024-09-30,5,77.55,3.28,9,3,0,,Mindanao,2022-08-14,8,1.8,0.6,0.625,25,0.0,33.33333333333333,33.33333333333333,3,1,0,2.2,0.4,0.0,33.33333333333333,33.33333333333333,0.7733034793658857,0.024246732151460518,-0.5266049002234162,0.5941815573007224,1.5932596428607497,0.046790823561032695,1.1912480469253972,-0.4454824277985871,-0.5194954933931315,0.5846904801674808,1.6474824527365883
272,6,2024-10-01,2024-10-31,5,76.2,3.1,3,5,0,,Mindanao,2022-08-14,8,0.6,1.0,0.625,26,0.0,33.33333333333333,33.33333333333333,3,1,0,1.8,0.6,0.0,33.33333333333333,33.33333333333333,-0.9739794882132926,0.947942647991121,-0.5266049002234162,0.5941815573007224,1.5932596428607497,0.14782587620609464,0.7963470848656776,0.09520422864460483,-0.5194954933931315,0.5846904801674808,1.6474824527365883
273,6,2024-11-01,2024-11-30,5,70.3,3.22,3,6,0,,Mindanao,2022-08-14,8,0.6,1.2,0.625,27,0.0,33.33333333333333,33.33333333333333,3,1,0,0.6,1.0,0.0,33.33333333333333,33.33333333333333,-0.9739794882132926,1.3424762265090693,-0.5266049002234162,0.5941815573007224,1.5932596428607497,0.24886092885115657,-0.8586406202421136,0.998742627335601,-0.5194954933931315,0.5846904801674808,1.6474824527365883
274,6,2024-12-01,2024-12-31,5,59.75,3.17,4,3,0,,Mindanao,2022-08-14,8,0.8,0.6,0.625,28,0.0,0.0,33.33333333333333,3,1,0,0.6,1.2,0.0,33.33333333333333,33.33333333333333,-0.6062266540207046,0.024246732151460518,-0.5266049002234162,-0.8599839390019485,1.5932596428607497,0.3498959814962185,-0.8586406202421136,1.384666427204187,-0.5194954933931315,0.5846904801674808,1.6474824527365883
275,6,2025-01-01,2025-01-31,5,74.45,3.31,6,5,0,,Mindanao,2022-08-14,8,1.2,1.0,0.625,29,0.0,0.0,33.33333333333333,3,1,0,0.8,0.6,0.0,0.0,33.33333333333333,0.020325519510443226,0.947942647991121,-0.5266049002234162,-0.8599839390019485,1.5932596428607497,0.45093103414128044,-0.5103132855170944,0.09520422864460483,-0.5194954933931315,-0.8312337224782831,1.6474824527365883
276,6,2025-02-01,2025-02-28,5,76.47,3.19,9,3,0,,Mindanao,2022-08-14,8,1.8,0.6,0.625,30,0.0,0.0,25.0,4,1,0,1.2,1.0,0.0,0.0,33.33333333333333,0.7733034793658857,0.024246732151460518,-0.5266049002234162,-0.8599839390019485,1.0444802063022762,0.5519660867863424,0.08314304814090771,0.998742627335601,-0.5194954933931315,-0.8312337224782831,1.6474824527365883
277,6,2025-03-01,2025-03-31,5,79.5,3.16,9,2,0,,Mindanao,2022-08-14,8,1.8,0.4,0.625,31,0.0,0.0,25.0,4,1,0,1.8,0.6,0.0,0.0,25.0,0.7733034793658857,-0.5285023895561821,-0.5266049002234162,-0.8599839390019485,1.0444802063022762,0.6530011394314043,0.7963470848656776,0.09520422864460483,-0.5194954933931315,-0.8312337224782831,1.0908697160047587
278,6,2025-04-01,2025-04-30,5,97.05,3.23,7,6,0,,Mindanao,2022-08-14,8,1.4,1.2,0.625,32,0.0,0.0,25.0,4,1,0,1.8,0.4,0.0,0.0,25.0,0.2920003011682024,1.3424762265090693,-0.5266049002234162,-0.8599839390019485,1.0444802063022762,0.7540361920764662,0.7963470848656776,-0.4454824277985871,-0.5194954933931315,-0.8312337224782831,1.0908697160047587
279,6,2025-05-01,2025-05-31,5,100.0,3.22,10,8,1,,Mindanao,2022-08-14,8,2.0,1.6,0.625,33,0.0,0.0,25.0,4,1,0,1.4,1.2,0.0,0.0,25.0,0.9887192553901332,2.0339915081244393,-0.5266049002234162,-0.8599839390019485,1.0444802063022762,0.8550712447215282,0.340467380704151,1.384666427204187,-0.5194954933931315,-0.8312337224782831,1.0908697160047587
280,6,2025-06-01,2025-06-30,5,100.0,3.21,5,4,0,,Mindanao,2022-08-14,8,1.0,0.8,0.625,34,0.0,0.0,25.0,4,1,0,2.0,1.6,0.0,0.0,25.0,-0.2772605339913625,0.5118060111458271,-0.5266049002234162,-0.8599839390019485,1.0444802063022762,0.9561062973665901,1.0003841340565827,2.0610909945393554,-0.5194954933931315,-0.8312337224782831,1.0908697160047587
281,6,2025-07-01,2025-07-31,5,91.6,3.36,5,4,1,,Mindanao,2022-08-14,8,1.0,0.8,0.625,35,0.0,0.0,25.0,4,1,0,1.0,0.8,0.0,0.0,25.0,-0.2772605339913625,0.5118060111458271,-0.5266049002234162,-0.8599839390019485,1.0444802063022762,1.057141350011652,-0.19872386688968258,0.572123659222639,-0.5194954933931315,-0.8312337224782831,1.0908697160047587
282,6,2025-08-01,2025-08-31,5,100.0,3.31,13,3,1,,Mindanao,2022-08-14,8,2.6,0.6,0.625,36,0.0,0.0,25.0,4,1,0,1.0,0.8,0.0,0.0,25.0,1.5579800905496979,0.024246732151460518,-0.5266049002234162,-0.8599839390019485,1.0444802063022762,1.158176402656714,-0.19872386688968258,0.572123659222639,-0.5194954933931315,-0.8312337224782831,1.0908697160047587
283,6,2025-09-01,2025-09-30,5,100.0,3.33,7,3,1,,Mindanao,2022-08-14,8,1.4,0.6,0.625,37,0.0,0.0,25.0,4,1,0,2.6,0.6,0.0,0.0,25.0,0.2920003011682024,0.024246732151460518,-0.5266049002234162,-0.8599839390019485,1.0444802063022762,1.259211455301776,1.5395753816504159,0.09520422864460483,-0.5194954933931315,-0.8312337224782831,1.0908697160047587
284,6,2025-10-01,2025-10-31,5,100.0,3.23,8,3,0,,Mindanao,2022-08-14,8,1.6,0.6,0.625,38,0.0,0.0,25.0,4,1,0,1.4,0.6,0.0,0.0,25.0,0.5419168739526509,0.024246732151460518,-0.5266049002234162,-0.8599839390019485,1.0444802063022762,1.3602465079468378,0.340467380704151,0.09520422864460483,-0.5194954933931315,-0.8312337224782831,1.0908697160047587
305,7,2023-05-01,2023-05-31,8,65.25,3.01,1,2,0,,Visayas,2022-09-28,12,0.125,0.25,0.6666666666666666,8,0.0,0.0,0.0,2,0,1,0.25,0.125,0.0,0.0,0.0,-2.0737144443691773,-0.9976230213155769,-0.5266049002234162,-0.8599839390019485,-0.6018581033731462,-1.6708050714050202,-1.5886957807047624,-1.3309845598881769,-0.5194954933931315,-0.8312337224782831,-0.5789684941907314
306,7,2023-06-01,2023-06-30,8,75.35,3.04,2,2,0,,Visayas,2022-09-28,12,0.25,0.25,0.6666666666666666,9,0.0,0.0,0.0,2,0,1,0.125,0.25,0.0,0.0,0.0,-1.744748324339835,-0.9976230213155769,-0.5266049002234162,-0.8599839390019485,-0.6018581033731462,-1.5697700187599584,-1.900285199332174,-0.9043655917752146,-0.5194954933931315,-0.8312337224782831,-0.5789684941907314
307,7,2023-07-01,2023-07-31,8,72.93,3.01,6,4,0,,Visayas,2022-09-28,12,0.75,0.5,0.6666666666666666,10,0.0,33.33333333333333,0.0,3,0,1,0.25,0.25,0.0,0.0,0.0,-0.6941843109825867,-0.24290850508487502,-0.5266049002234162,0.5941815573007224,-0.6018581033731462,-1.4687349661148963,-1.5886957807047624,-0.9043655917752146,-0.5194954933931315,-0.8312337224782831,-0.5789684941907314
308,7,2023-08-01,2023-08-31,8,81.07,2.98,6,1,1,,Visayas,2022-09-28,12,0.75,0.125,0.6666666666666666,11,0.0,33.33333333333333,0.0,3,0,1,0.75,0.5,0.0,33.33333333333333,0.0,-0.6941843109825867,-1.4337596581608711,-0.5266049002234162,0.5941815573007224,-0.6018581033731462,-1.3676999134698344,-0.5936248289494017,-0.16612096627628792,-0.5194954933931315,0.5846904801674808,-0.5789684941907314
309,7,2023-09-01,2023-09-30,8,89.1,2.99,5,2,0,,Visayas,2022-09-28,12,0.625,0.25,0.6666666666666666,12,0.0,33.33333333333333,0.0,3,0,1,0.75,0.125,0.0,33.33333333333333,0.0,-0.9255709163958217,-0.9976230213155769,-0.5266049002234162,0.5941815573007224,-0.6018581033731462,-1.2666648608247724,-0.5936248289494017,-1.3309845598881769,-0.5194954933931315,0.5846904801674808,-0.5789684941907314
310,7,2023-10-01,2023-10-31,8,93.23,2.99,10,2,0,,Visayas,2022-09-28,12,1.25,0.25,0.6666666666666666,13,0.0,33.33333333333333,0.0,3,0,1,0.625,0.25,0.0,33.33333333333333,0.0,0.09049230020122541,-0.9976230213155769,-0.5266049002234162,0.5941815573007224,-0.6018581033731462,-1.1656298081797105,-0.8127890938057629,-0.9043655917752146,-0.5194954933931315,0.5846904801674808,-0.5789684941907314
311,7,2023-11-01,2023-11-30,8,92.5,2.89,7,1,0,,Visayas,2022-09-28,12,0.875,0.125,0.6666666666666666,14,0.0,33.33333333333333,0.0,3,0,1,1.25,0.25,0.0,33.33333333333333,0.0,-0.4787685349583399,-1.4337596581608711,-0.5266049002234162,0.5941815573007224,-0.6018581033731462,-1.0645947555346487,0.14960346783533654,-0.9043655917752146,-0.5194954933931315,0.5846904801674808,-0.5789684941907314
312,7,2023-12-01,2023-12-31,8,91.2,2.94,7,1,0,,Visayas,2022-09-28,12,0.875,0.125,0.6666666666666666,15,0.0,33.33333333333333,0.0,3,0,1,0.875,0.125,0.0,33.33333333333333,0.0,-0.4787685349583399,-1.4337596581608711,-0.5266049002234162,0.5941815573007224,-0.6018581033731462,-0.9635597028895867,-0.38958777975849734,-1.3309845598881769,-0.5194954933931315,0.5846904801674808,-0.5789684941907314
313,7,2024-01-01,2024-01-31,8,68.38,2.96,10,2,1,,Visayas,2022-09-28,12,1.25,0.25,0.6666666666666666,16,0.0,20.0,0.0,5,0,1,0.875,0.125,0.0,33.33333333333333,0.0,0.09049230020122541,-0.9976230213155769,-0.5266049002234162,0.012515358779654175,-0.6018581033731462,-0.8625246502445247,-0.38958777975849734,-1.3309845598881769,-0.5194954933931315,0.5846904801674808,-0.5789684941907314
314,7,2024-02-01,2024-02-29,8,74.35,2.98,12,3,0,,Visayas,2022-09-28,12,1.5,0.375,0.6666666666666666,17,0.0,20.0,0.0,5,0,1,1.25,0.25,0.0,20.0,0.0,0.4194584202305679,-0.6030894427976289,-0.5266049002234162,0.012515358779654175,-0.6018581033731462,-0.7614895975994628,0.14960346783533654,-0.9043655917752146,-0.5194954933931315,0.018320799109175355,-0.5789684941907314
315,7,2024-03-01,2024-03-31,8,81.25,2.96,13,7,0,,Visayas,2022-09-28,12,1.625,0.875,0.6666666666666666,18,0.0,20.0,0.0,5,0,1,1.5,0.375,0.0,20.0,0.0,0.5717954783989087,0.6807874107547854,-0.5266049002234162,0.012515358779654175,-0.6018581033731462,-0.6604545449544008,0.46119288646274875,-0.5184417919066288,-0.5194954933931315,0.018320799109175355,-0.5789684941907314
316,7,2024-04-01,2024-04-30,8,87.43,2.98,15,7,1,,Visayas,2022-09-28,12,1.875,0.875,0.6666666666666666,19,0.0,0.0,0.0,4,0,1,1.625,0.875,0.0,20.0,0.0,0.8558357825076975,0.6807874107547854,-0.5266049002234162,-0.8599839390019485,-0.6018581033731462,-0.559419492309339,0.6054831719968632,0.7374174324147083,-0.5194954933931315,0.018320799109175355,-0.5789684941907314
317,7,2024-05-01,2024-05-31,8,87.63,3.07,8,4,0,,Visayas,2022-09-28,12,1.0,0.5,0.6666666666666666,20,0.0,0.0,0.0,4,0,1,1.875,0.875,0.0,0.0,0.0,-0.2772605339913625,-0.24290850508487502,-0.5266049002234162,-0.8599839390019485,-0.6018581033731462,-0.458384439664277,0.8745198533916423,0.7374174324147083,-0.5194954933931315,-0.8312337224782831,-0.5789684941907314
318,7,2024-06-01,2024-06-30,8,91.75,3.16,8,2,0,,Visayas,2022-09-28,12,1.0,0.25,0.6666666666666666,21,0.0,0.0,0.0,4,0,1,1.0,0.5,0.0,0.0,0.0,-0.2772605339913625,-0.9976230213155769,-0.5266049002234162,-0.8599839390019485,-0.6018581033731462,-0.35734938701921504,-0.19872386688968258,-0.16612096627628792,-0.5194954933931315,-0.8312337224782831,-0.5789684941907314
319,7,2024-07-01,2024-07-31,8,95.2,3.18,14,2,0,,Visayas,2022-09-28,12,1.75,0.25,0.6666666666666666,22,0.0,0.0,0.0,3,0,1,1.0,0.25,0.0,0.0,0.0,0.7170444737323733,-0.9976230213155769,-0.5266049002234162,-0.8599839390019485,-0.6018581033731462,-0.25631433437415313,-0.19872386688968258,-0.9043655917752146,-0.5194954933931315,-0.8312337224782831,-0.5789684941907314
320,7,2024-08-01,2024-08-31,8,96.3,3.25,6,2,0,,Visayas,2022-09-28,12,0.75,0.25,0.6666666666666666,23,0.0,0.0,0.0,3,0,1,1.75,0.25,0.0,0.0,0.0,-0.6941843109825867,-0.9976230213155769,-0.5266049002234162,-0.8599839390019485,-0.6018581033731462,-0.15527928172909117,0.7430598014933387,-0.9043655917752146,-0.5194954933931315,-0.8312337224782831,-0.5789684941907314
324,7,2024-12-01,2024-12-31,8,25.0,2.88,10,3,0,,Visayas,2022-09-28,12,1.25,0.375,0.6666666666666666,27,0.0,0.0,0.0,4,0,1,0.75,0.25,0.0,0.0,0.0,0.09049230020122541,-0.6030894427976289,-0.5266049002234162,-0.8599839390019485,-0.6018581033731462,0.24886092885115657,-0.5936248289494017,-0.9043655917752146,-0.5194954933931315,-0.8312337224782831,-0.5789684941907314
325,7,2025-01-01,2025-01-31,8,50.75,2.88,13,3,0,,Visayas,2022-09-28,12,1.625,0.375,0.6666666666666666,28,0.0,20.0,0.0,5,0,1,1.25,0.375,0.0,0.0,0.0,0.5717954783989087,-0.6030894427976289,-0.5266049002234162,0.012515358779654175,-0.6018581033731462,0.3498959814962185,0.14960346783533654,-0.5184417919066288,-0.5194954933931315,-0.8312337224782831,-0.5789684941907314
326,7,2025-02-01,2025-02-28,8,63.3,2.89,12,9,0,,Visayas,2022-09-28,12,1.5,1.125,0.6666666666666666,29,0.0,20.0,0.0,5,0,1,1.625,0.375,0.0,20.0,0.0,0.4194584202305679,1.1988964185184745,-0.5266049002234162,0.012515358779654175,-0.6018581033731462,0.45093103414128044,0.6054831719968632,-0.5184417919066288,-0.5194954933931315,0.018320799109175355,-0.5789684941907314
327,7,2025-03-01,2025-03-31,8,80.75,2.92,17,5,1,,Visayas,2022-09-28,12,2.125,0.625,0.6666666666666666,30,0.0,20.0,0.0,5,0,1,1.5,1.125,0.0,20.0,0.0,1.1161773744524979,0.08842583881774124,-0.5266049002234162,0.012515358779654175,-0.6018581033731462,0.5519660867863424,0.46119288646274875,1.2442199149142033,-0.5194954933931315,0.018320799109175355,-0.5789684941907314
328,7,2025-04-01,2025-04-30,8,56.5,3.0,12,7,2,,Visayas,2022-09-28,12,1.5,0.875,0.6666666666666666,31,0.0,16.666666666666664,16.666666666666664,6,0,1,2.125,0.625,0.0,20.0,0.0,0.4194584202305679,0.6807874107547854,-0.5266049002234162,-0.13290119085061305,0.4957007697438019,0.6530011394314043,1.1211096398151799,0.15798277542853995,-0.5194954933931315,0.018320799109175355,-0.5789684941907314
329,7,2025-05-01,2025-05-31,8,58.5,3.06,21,3,0,,Visayas,2022-09-28,12,2.625,0.375,0.6666666666666666,32,0.0,16.666666666666664,16.666666666666664,6,0,1,1.5,0.875,0.0,16.666666666666664,16.666666666666664,1.5795877223769552,-0.6030894427976289,-0.5266049002234162,-0.13290119085061305,0.4957007697438019,0.7540361920764662,0.46119288646274875,0.7374174324147083,-0.5194954933931315,-0.12327162115540115,0.5342569792729285
330,7,2025-06-01,2025-06-30,8,63.33,3.07,11,5,0,,Visayas,2022-09-28,12,1.375,0.625,0.6666666666666666,33,0.0,16.666666666666664,16.666666666666664,6,0,1,2.625,0.375,0.0,16.666666666666664,16.666666666666664,0.2593058627678144,0.08842583881774124,-0.5266049002234162,-0.13290119085061305,0.4957007697438019,0.8550712447215282,1.5600416516674311,-0.5184417919066288,-0.5194954933931315,-0.12327162115540115,0.5342569792729285
331,7,2025-07-01,2025-07-31,8,68.2,3.16,10,7,1,,Visayas,2022-09-28,12,1.25,0.875,0.6666666666666666,34,0.0,16.666666666666664,16.666666666666664,6,0,1,1.375,0.625,0.0,16.666666666666664,16.666666666666664,0.09049230020122541,0.6807874107547854,-0.5266049002234162,-0.13290119085061305,0.4957007697438019,0.9561062973665901,0.30949993319734403,0.15798277542853995,-0.5194954933931315,-0.12327162115540115,0.5342569792729285
332,7,2025-08-01,2025-08-31,8,68.75,3.09,10,1,0,,Visayas,2022-09-28,12,1.25,0.125,0.6666666666666666,35,0.0,16.666666666666664,16.666666666666664,6,0,1,1.25,0.875,0.0,16.666666666666664,16.666666666666664,0.09049230020122541,-1.4337596581608711,-0.5266049002234162,-0.13290119085061305,0.4957007697438019,1.057141350011652,0.14960346783533654,0.7374174324147083,-0.5194954933931315,-0.12327162115540115,0.5342569792729285
333,7,2025-09-01,2025-09-30,8,13.0,3.15,11,7,1,,Visayas,2022-09-28,12,1.375,0.875,0.6666666666666666,36,0.0,16.666666666666664,16.666666666666664,6,0,1,1.25,0.125,0.0,16.666666666666664,16.666666666666664,0.2593058627678144,0.6807874107547854,-0.5266049002234162,-0.13290119085061305,0.4957007697438019,1.158176402656714,0.14960346783533654,-1.3309845598881769,-0.5194954933931315,-0.12327162115540115,0.5342569792729285
334,7,2025-10-01,2025-10-31,8,28.1,3.16,15,6,0,,Visayas,2022-09-28,12,1.875,0.75,0.6666666666666666,37,0.0,16.666666666666664,16.666666666666664,6,0,1,1.375,0.875,0.0,16.666666666666664,16.666666666666664,0.8558357825076975,0.3951935262834783,-0.5266049002234162,-0.13290119085061305,0.4957007697438019,1.259211455301776,0.30949993319734403,0.7374174324147083,-0.5194954933931315,-0.12327162115540115,0.5342569792729285
335,7,2025-11-01,2025-11-30,8,38.4,3.23,16,3,2,,Visayas,2022-09-28,12,2.0,0.375,0.6666666666666666,38,0.0,16.666666666666664,16.666666666666664,6,0,1,1.875,0.75,0.0,16.666666666666664,16.666666666666664,0.9887192553901332,-0.6030894427976289,-0.5266049002234162,-0.13290119085061305,0.4957007697438019,1.3602465079468378,0.8745198533916423,0.45805597089240907,-0.5194954933931315,-0.12327162115540115,0.5342569792729285
336,7,2025-12-01,2025-12-31,8,44.4,3.15,8,7,1,,Visayas,2022-09-28,12,1.0,0.875,0.6666666666666666,39,0.0,16.666666666666664,16.666666666666664,6,0,1,2.0,0.375,0.0,16.666666666666664,16.666666666666664,-0.2772605339913625,0.6807874107547854,-0.5266049002234162,-0.13290119085061305,0.4957007697438019,1.4612815605918998,1.0003841340565827,-0.5184417919066288,-0.5194954933931315,-0.12327162115540115,0.5342569792729285
354,8,2023-04-01,2023-04-30,6,76.4,3.04,2,3,0,,Visayas,2022-11-12,9,0.3333333333333333,0.5,0.6666666666666666,5,0.0,0.0,0.0,1,0,1,0.6666666666666666,0.16666666666666666,0.0,0.0,0.0,-1.543240323372858,-0.24290850508487502,-0.5266049002234162,-0.8599839390019485,-0.6018581033731462,-1.973910229340206,-0.7379151144835162,-1.183727053297514,-0.5194954933931315,-0.8312337224782831,-0.5789684941907314
355,8,2023-05-01,2023-05-31,6,99.9,2.99,3,0,0,,Visayas,2022-11-12,9,0.5,0.0,0.6666666666666666,6,0.0,0.0,0.0,1,0,1,0.3333333333333333,0.5,0.0,0.0,0.0,-1.17548748918027,-1.9213189371552377,-0.5266049002234162,-0.8599839390019485,-0.6018581033731462,-1.8728751766951441,-1.3978318678359476,-0.16612096627628792,-0.5194954933931315,-0.8312337224782831,-0.5789684941907314
356,8,2023-06-01,2023-06-30,6,68.45,3.1,5,4,0,,Visayas,2022-11-12,9,0.8333333333333334,0.6666666666666666,0.6666666666666666,7,0.0,50.0,0.0,2,0,1,0.5,0.0,0.0,0.0,0.0,-0.5489353156491221,0.19322813176041934,-0.5266049002234162,1.3212643054520583,-0.6018581033731462,-1.771840124050082,-1.0495045331109283,-1.807903990466211,-0.5194954933931315,-0.8312337224782831,-0.5789684941907314
357,8,2023-07-01,2023-07-31,6,80.4,3.17,0,3,0,,Visayas,2022-11-12,9,0.0,0.5,0.6666666666666666,8,0.0,50.0,0.0,2,0,1,0.8333333333333334,0.6666666666666666,0.0,50.0,0.0,-2.4414672785617655,-0.24290850508487502,-0.5266049002234162,1.3212643054520583,-0.6018581033731462,-1.6708050714050202,-0.4560481994529262,0.26049800183667454,-0.5194954933931315,1.292652581490363,-0.5789684941907314
358,8,2023-08-01,2023-08-31,6,83.9,3.17,6,2,0,,Visayas,2022-11-12,9,1.0,0.3333333333333333,0.6666666666666666,9,0.0,50.0,0.0,2,0,1,0.0,0.5,0.0,50.0,0.0,-0.2772605339913625,-0.7304677840792416,-0.5266049002234162,1.3212643054520583,-0.6018581033731462,-1.5697700187599584,-2.248612534057193,-0.16612096627628792,-0.5194954933931315,1.292652581490363,-0.5789684941907314
359,8,2023-09-01,2023-09-30,6,90.0,3.17,1,3,0,,Visayas,2022-11-12,9,0.16666666666666666,0.5,0.6666666666666666,10,0.0,50.0,0.0,2,0,1,1.0,0.3333333333333333,0.0,50.0,0.0,-1.9601641003640822,-0.24290850508487502,-0.5266049002234162,1.3212643054520583,-0.6018581033731462,-1.4687349661148963,-0.19872386688968258,-0.643040396854322,-0.5194954933931315,1.292652581490363,-0.5789684941907314
360,8,2023-10-01,2023-10-31,6,100.0,3.24,6,3,0,,Visayas,2022-11-12,9,1.0,0.5,0.6666666666666666,11,0.0,50.0,0.0,2,0,1,0.16666666666666666,0.5,0.0,50.0,0.0,-0.2772605339913625,-0.24290850508487502,-0.5266049002234162,1.3212643054520583,-0.6018581033731462,-1.3676999134698344,-1.7927328298956666,-0.16612096627628792,-0.5194954933931315,1.292652581490363,-0.5789684941907314
361,8,2023-11-01,2023-11-30,6,100.0,3.32,2,4,0,,Visayas,2022-11-12,9,0.3333333333333333,0.6666666666666666,0.6666666666666666,12,0.0,50.0,0.0,2,0,1,1.0,0.5,0.0,50.0,0.0,-1.543240323372858,0.19322813176041934,-0.5266049002234162,1.3212643054520583,-0.6018581033731462,-1.2666648608247724,-0.19872386688968258,-0.16612096627628792,-0.5194954933931315,1.292652581490363,-0.5789684941907314
362,8,2023-12-01,2023-12-31,6,60.9,3.04,8,6,0,,Visayas,2022-11-12,9,1.3333333333333333,1.0,0.6666666666666666,13,0.0,66.66666666666666,0.0,3,0,1,0.3333333333333333,0.6666666666666666,0.0,50.0,0.0,0.20404264420632073,0.947942647991121,-0.5266049002234162,2.0483470536033934,-0.6018581033731462,-1.1656298081797105,-1.3978318678359476,0.26049800183667454,-0.5194954933931315,1.292652581490363,-0.5789684941907314
363,8,2024-01-01,2024-01-31,6,72.1,3.11,4,4,0,,Visayas,2022-11-12,9,0.6666666666666666,0.6666666666666666,0.6666666666666666,14,0.0,66.66666666666666,0.0,3,0,1,1.3333333333333333,1.0,0.0,66.66666666666666,0.0,-0.8465213691509275,0.19322813176041934,-0.5266049002234162,2.0483470536033934,-0.6018581033731462,-1.0645947555346487,0.25715583727184405,0.998742627335601,-0.5194954933931315,2.0006146828132443,-0.5789684941907314
364,8,2024-02-01,2024-02-29,6,85.2,3.08,9,3,0,,Visayas,2022-11-12,9,1.5,0.5,0.6666666666666666,15,0.0,66.66666666666666,0.0,3,0,1,0.6666666666666666,0.6666666666666666,0.0,66.66666666666666,0.0,0.4194584202305679,-0.24290850508487502,-0.5266049002234162,2.0483470536033934,-0.6018581033731462,-0.9635597028895867,-0.7379151144835162,0.26049800183667454,-0.5194954933931315,2.0006146828132443,-0.5789684941907314
365,8,2024-03-01,2024-03-31,6,89.3,3.03,4,3,0,,Visayas,2022-11-12,9,0.6666666666666666,0.5,0.6666666666666666,16,0.0,66.66666666666666,0.0,3,0,1,1.5,0.5,0.0,66.66666666666666,0.0,-0.8465213691509275,-0.24290850508487502,-0.5266049002234162,2.0483470536033934,-0.6018581033731462,-0.8625246502445247,0.46119288646274875,-0.16612096627628792,-0.5194954933931315,2.0006146828132443,-0.5789684941907314
366,8,2024-04-01,2024-04-30,6,84.4,2.95,4,1,0,,Visayas,2022-11-12,9,0.6666666666666666,0.16666666666666666,0.6666666666666666,17,0.0,66.66666666666666,0.0,3,0,1,0.6666666666666666,0.5,0.0,66.66666666666666,0.0,-0.8465213691509275,-1.2832169057868843,-0.5266049002234162,2.0483470536033934,-0.6018581033731462,-0.7614895975994628,-0.7379151144835162,-0.16612096627628792,-0.5194954933931315,2.0006146828132443,-0.5789684941907314
367,8,2024-05-01,2024-05-31,6,100.0,3.04,10,5,0,,Visayas,2022-11-12,9,1.6666666666666667,0.8333333333333334,0.6666666666666666,18,0.0,66.66666666666666,0.0,3,0,1,0.6666666666666666,0.16666666666666666,0.0,66.66666666666666,0.0,0.6209664211975449,0.5877617102783672,-0.5266049002234162,2.0483470536033934,-0.6018581033731462,-0.6604545449544008,-0.7379151144835162,-1.183727053297514,-0.5194954933931315,2.0006146828132443,-0.5789684941907314
368,8,2024-06-01,2024-06-30,6,100.0,3.11,4,7,0,,Visayas,2022-11-12,9,0.6666666666666666,1.1666666666666667,0.6666666666666666,19,0.0,66.66666666666666,0.0,3,0,1,1.6666666666666667,0.8333333333333334,0.0,66.66666666666666,0.0,-0.8465213691509275,1.2792769918937374,-0.5266049002234162,2.0483470536033934,-0.6018581033731462,-0.559419492309339,0.6520567993315632,0.6464218017052602,-0.5194954933931315,2.0006146828132443,-0.5789684941907314
369,8,2024-07-01,2024-07-31,6,100.0,3.15,5,4,0,,Visayas,2022-11-12,9,0.8333333333333334,0.6666666666666666,0.6666666666666666,20,0.0,66.66666666666666,0.0,3,0,1,0.6666666666666666,1.1666666666666667,0.0,66.66666666666666,0.0,-0.5489353156491221,0.19322813176041934,-0.5266049002234162,2.0483470536033934,-0.6018581033731462,-0.458384439664277,-0.7379151144835162,1.322846369040429,-0.5194954933931315,2.0006146828132443,-0.5789684941907314
372,8,2024-10-01,2024-10-31,6,42.45,3.04,7,5,0,,Visayas,2022-11-12,9,1.1666666666666667,0.8333333333333334,0.6666666666666666,23,0.0,60.0,0.0,5,0,1,0.8333333333333334,0.6666666666666666,0.0,66.66666666666666,0.0,-0.02734396120691406,0.5877617102783672,-0.5266049002234162,1.7575139543428597,-0.6018581033731462,-0.15527928172909117,-0.4560481994529262,0.26049800183667454,-0.5194954933931315,2.0006146828132443,-0.5789684941907314
373,8,2024-11-01,2024-11-30,6,46.3,3.13,11,2,0,,Visayas,2022-11-12,9,1.8333333333333333,0.3333333333333333,0.6666666666666666,24,0.0,60.0,0.0,5,0,1,1.1666666666666667,0.8333333333333334,0.0,60.0,0.0,0.8102540921308198,-0.7304677840792416,-0.5266049002234162,1.7575139543428597,-0.6018581033731462,-0.05424422908402924,0.037991572415483045,0.6464218017052602,-0.5194954933931315,1.7174298422840921,-0.5789684941907314
374,8,2024-12-01,2024-12-31,6,54.6,3.15,4,7,0,,Visayas,2022-11-12,9,0.6666666666666666,1.1666666666666667,0.6666666666666666,25,0.0,60.0,0.0,5,0,1,1.8333333333333333,0.3333333333333333,0.0,60.0,0.0,-0.8465213691509275,1.2792769918937374,-0.5266049002234162,1.7575139543428597,-0.6018581033731462,0.046790823561032695,0.8313458864089049,-0.643040396854322,-0.5194954933931315,1.7174298422840921,-0.5789684941907314
375,8,2025-01-01,2025-01-31,6,71.3,3.13,8,3,0,,Visayas,2022-11-12,9,1.3333333333333333,0.5,0.6666666666666666,26,0.0,50.0,0.0,4,0,1,0.6666666666666666,1.1666666666666667,0.0,60.0,0.0,0.20404264420632073,-0.24290850508487502,-0.5266049002234162,1.3212643054520583,-0.6018581033731462,0.14782587620609464,-0.7379151144835162,1.322846369040429,-0.5194954933931315,1.7174298422840921,-0.5789684941907314
376,8,2025-02-01,2025-02-28,6,74.45,3.24,6,5,0,,Visayas,2022-11-12,9,1.0,0.8333333333333334,0.6666666666666666,27,0.0,66.66666666666666,0.0,3,0,1,1.3333333333333333,0.5,0.0,50.0,0.0,-0.2772605339913625,0.5877617102783672,-0.5266049002234162,2.0483470536033934,-0.6018581033731462,0.24886092885115657,0.25715583727184405,-0.16612096627628792,-0.5194954933931315,1.292652581490363,-0.5789684941907314
377,8,2025-03-01,2025-03-31,6,74.27,3.22,5,4,0,,Visayas,2022-11-12,9,0.8333333333333334,0.6666666666666666,0.6666666666666666,28,0.0,50.0,0.0,4,0,1,1.0,0.8333333333333334,0.0,66.66666666666666,0.0,-0.5489353156491221,0.19322813176041934,-0.5266049002234162,1.3212643054520583,-0.6018581033731462,0.3498959814962185,-0.19872386688968258,0.6464218017052602,-0.5194954933931315,2.0006146828132443,-0.5789684941907314
378,8,2025-04-01,2025-04-30,6,84.97,3.3,7,3,0,,Visayas,2022-11-12,9,1.1666666666666667,0.5,0.6666666666666666,29,0.0,50.0,0.0,4,0,1,0.8333333333333334,0.6666666666666666,0.0,50.0,0.0,-0.02734396120691406,-0.24290850508487502,-0.5266049002234162,1.3212643054520583,-0.6018581033731462,0.45093103414128044,-0.4560481994529262,0.26049800183667454,-0.5194954933931315,1.292652581490363,-0.5789684941907314
379,8,2025-05-01,2025-05-31,6,94.2,3.35,6,0,1,,Visayas,2022-11-12,9,1.0,0.0,0.6666666666666666,30,0.0,50.0,0.0,4,0,1,1.1666666666666667,0.5,0.0,50.0,0.0,-0.2772605339913625,-1.9213189371552377,-0.5266049002234162,1.3212643054520583,-0.6018581033731462,0.5519660867863424,0.037991572415483045,-0.16612096627628792,-0.5194954933931315,1.292652581490363,-0.5789684941907314
380,8,2025-06-01,2025-06-30,6,92.9,3.44,8,5,0,,Visayas,2022-11-12,9,1.3333333333333333,0.8333333333333334,0.6666666666666666,31,0.0,50.0,0.0,4,0,1,1.0,0.0,0.0,50.0,0.0,0.20404264420632073,0.5877617102783672,-0.5266049002234162,1.3212643054520583,-0.6018581033731462,0.6530011394314043,-0.19872386688968258,-1.807903990466211,-0.5194954933931315,1.292652581490363,-0.5789684941907314
381,8,2025-07-01,2025-07-31,6,93.97,3.53,10,5,1,,Visayas,2022-11-12,9,1.6666666666666667,0.8333333333333334,0.6666666666666666,32,0.0,50.0,0.0,4,0,1,1.3333333333333333,0.8333333333333334,0.0,50.0,0.0,0.6209664211975449,0.5877617102783672,-0.5266049002234162,1.3212643054520583,-0.6018581033731462,0.7540361920764662,0.25715583727184405,0.6464218017052602,-0.5194954933931315,1.292652581490363,-0.5789684941907314
382,8,2025-08-01,2025-08-31,6,95.5,3.6,4,4,0,,Visayas,2022-11-12,9,0.6666666666666666,0.6666666666666666,0.6666666666666666,33,0.0,50.0,0.0,4,0,1,1.6666666666666667,0.8333333333333334,0.0,50.0,0.0,-0.8465213691509275,0.19322813176041934,-0.5266049002234162,1.3212643054520583,-0.6018581033731462,0.8550712447215282,0.6520567993315632,0.6464218017052602,-0.5194954933931315,1.292652581490363,-0.5789684941907314
383,8,2025-09-01,2025-09-30,6,98.35,3.59,6,6,0,,Visayas,2022-11-12,9,1.0,1.0,0.6666666666666666,34,0.0,50.0,0.0,4,0,1,0.6666666666666666,0.6666666666666666,0.0,50.0,0.0,-0.2772605339913625,0.947942647991121,-0.5266049002234162,1.3212643054520583,-0.6018581033731462,0.9561062973665901,-0.7379151144835162,0.26049800183667454,-0.5194954933931315,1.292652581490363,-0.5789684941907314
384,8,2025-10-01,2025-10-31,6,100.0,3.31,6,7,1,,Visayas,2022-11-12,9,1.0,1.1666666666666667,0.6666666666666666,35,0.0,50.0,0.0,4,0,1,1.0,1.0,0.0,50.0,0.0,-0.2772605339913625,1.2792769918937374,-0.5266049002234162,1.3212643054520583,-0.6018581033731462,1.057141350011652,-0.19872386688968258,0.998742627335601,-0.5194954933931315,1.292652581490363,-0.5789684941907314
385,8,2025-11-01,2025-11-30,6,100.0,3.37,8,5,0,,Visayas,2022-11-12,9,1.3333333333333333,0.8333333333333334,0.6666666666666666,36,0.0,50.0,0.0,4,0,1,1.0,1.1666666666666667,0.0,50.0,0.0,0.20404264420632073,0.5877617102783672,-0.5266049002234162,1.3212643054520583,-0.6018581033731462,1.158176402656714,-0.19872386688968258,1.322846369040429,-0.5194954933931315,1.292652581490363,-0.5789684941907314
410,9,2023-10-01,2023-10-31,2,50.7,2.7,2,1,0,,Mindanao,2022-12-27,6,1.0,0.5,0.3333333333333333,10,0.0,0.0,0.0,1,1,0,1.5,0.5,0.0,0.0,0.0,-0.2772605339913625,-0.24290850508487502,-0.5266049002234162,-0.8599839390019485,-0.6018581033731462,-1.4687349661148963,0.46119288646274875,-0.16612096627628792,-0.5194954933931315,-0.8312337224782831,-0.5789684941907314
411,9,2023-11-01,2023-11-30,2,38.7,2.7,3,2,1,,Mindanao,2022-12-27,6,1.5,1.0,0.3333333333333333,11,0.0,0.0,0.0,1,1,0,1.0,0.5,0.0,0.0,0.0,0.4194584202305679,0.947942647991121,-0.5266049002234162,-0.8599839390019485,-0.6018581033731462,-1.3676999134698344,-0.19872386688968258,-0.16612096627628792,-0.5194954933931315,-0.8312337224782831,-0.5789684941907314
412,9,2023-12-01,2023-12-31,2,40.0,2.63,3,1,0,,Mindanao,2022-12-27,6,1.5,0.5,0.3333333333333333,12,0.0,0.0,0.0,1,1,0,1.5,1.0,0.0,0.0,0.0,0.4194584202305679,-0.24290850508487502,-0.5266049002234162,-0.8599839390019485,-0.6018581033731462,-1.2666648608247724,0.46119288646274875,0.998742627335601,-0.5194954933931315,-0.8312337224782831,-0.5789684941907314
413,9,2024-01-01,2024-01-31,2,41.2,2.61,4,1,0,,Mindanao,2022-12-27,6,2.0,0.5,0.3333333333333333,13,0.0,0.0,0.0,1,1,0,1.5,0.5,0.0,0.0,0.0,0.9887192553901332,-0.24290850508487502,-0.5266049002234162,-0.8599839390019485,-0.6018581033731462,-1.1656298081797105,0.46119288646274875,-0.16612096627628792,-0.5194954933931315,-0.8312337224782831,-0.5789684941907314
414,9,2024-02-01,2024-02-29,2,50.5,2.76,2,0,0,,Mindanao,2022-12-27,6,1.0,0.0,0.3333333333333333,14,0.0,0.0,0.0,1,1,0,2.0,0.5,0.0,0.0,0.0,-0.2772605339913625,-1.9213189371552377,-0.5266049002234162,-0.8599839390019485,-0.6018581033731462,-1.0645947555346487,1.0003841340565827,-0.16612096627628792,-0.5194954933931315,-0.8312337224782831,-0.5789684941907314
415,9,2024-03-01,2024-03-31,2,51.5,2.71,1,1,0,,Mindanao,2022-12-27,6,0.5,0.5,0.3333333333333333,15,0.0,0.0,0.0,1,1,0,1.0,0.0,0.0,0.0,0.0,-1.17548748918027,-0.24290850508487502,-0.5266049002234162,-0.8599839390019485,-0.6018581033731462,-0.9635597028895867,-0.19872386688968258,-1.807903990466211,-0.5194954933931315,-0.8312337224782831,-0.5789684941907314
416,9,2024-04-01,2024-04-30,2,45.1,2.7,9,1,3,,Mindanao,2022-12-27,6,4.5,0.5,0.3333333333333333,16,50.0,0.0,0.0,2,1,0,0.5,0.5,0.0,0.0,0.0,2.8812512183027765,-0.24290850508487502,2.472032104549362,-0.8599839390019485,-0.6018581033731462,-0.8625246502445247,-1.0495045331109283,-0.16612096627628792,-0.5194954933931315,-0.8312337224782831,-0.5789684941907314
417,9,2024-05-01,2024-05-31,2,51.15,2.71,5,4,0,,Mindanao,2022-12-27,6,2.5,2.0,0.3333333333333333,17,50.0,0.0,0.0,2,1,0,4.5,0.5,50.0,0.0,0.0,1.4700224335878165,2.626353080061484,2.472032104549362,-0.8599839390019485,-0.6018581033731462,-0.7614895975994628,2.7929484686608497,-0.16612096627628792,2.722566388521985,-0.8312337224782831,-0.5789684941907314
418,9,2024-06-01,2024-06-30,2,68.0,2.56,4,2,1,,Mindanao,2022-12-27,6,2.0,1.0,0.3333333333333333,18,50.0,0.0,0.0,2,1,0,2.5,2.0,50.0,0.0,0.0,0.9887192553901332,0.947942647991121,2.472032104549362,-0.8599839390019485,-0.6018581033731462,-0.6604545449544008,1.4562638382181092,2.6405256515255244,2.722566388521985,-0.8312337224782831,-0.5789684941907314
419,9,2024-07-01,2024-07-31,2,97.8,2.53,8,4,1,,Mindanao,2022-12-27,6,4.0,2.0,0.3333333333333333,19,50.0,0.0,0.0,2,1,0,2.0,1.0,50.0,0.0,0.0,2.5836651648009705,2.626353080061484,2.472032104549362,-0.8599839390019485,-0.6018581033731462,-0.559419492309339,1.0003841340565827,0.998742627335601,2.722566388521985,-0.8312337224782831,-0.5789684941907314
420,9,2024-08-01,2024-08-31,2,100.0,2.53,5,5,0,,Mindanao,2022-12-27,6,2.5,2.5,0.3333333333333333,20,50.0,0.0,0.0,2,1,0,4.0,2.0,50.0,0.0,0.0,1.4700224335878165,3.2644551114298372,2.472032104549362,-0.8599839390019485,-0.6018581033731462,-0.458384439664277,2.5110815536302593,2.6405256515255244,2.722566388521985,-0.8312337224782831,-0.5789684941907314
421,9,2024-09-01,2024-09-30,2,100.0,2.47,3,1,0,,Mindanao,2022-12-27,6,1.5,0.5,0.3333333333333333,21,100.0,0.0,0.0,1,1,0,2.5,2.5,50.0,0.0,0.0,0.4194584202305679,-0.24290850508487502,5.47066910932214,-0.8599839390019485,-0.6018581033731462,-0.35734938701921504,1.4562638382181092,3.2647025886942216,2.722566388521985,-0.8312337224782831,-0.5789684941907314
422,9,2024-10-01,2024-10-31,2,100.0,2.42,3,0,0,,Mindanao,2022-12-27,6,1.5,0.0,0.3333333333333333,22,100.0,0.0,0.0,1,1,0,1.5,0.5,100.0,0.0,0.0,0.4194584202305679,-1.9213189371552377,5.47066910932214,-0.8599839390019485,-0.6018581033731462,-0.25631433437415313,0.46119288646274875,-0.16612096627628792,5.9646282704371005,-0.8312337224782831,-0.5789684941907314
423,9,2024-11-01,2024-11-30,2,100.0,2.63,2,4,1,,Mindanao,2022-12-27,6,1.0,2.0,0.3333333333333333,23,100.0,0.0,0.0,1,1,0,1.5,0.0,100.0,0.0,0.0,-0.2772605339913625,2.626353080061484,5.47066910932214,-0.8599839390019485,-0.6018581033731462,-0.15527928172909117,0.46119288646274875,-1.807903990466211,5.9646282704371005,-0.8312337224782831,-0.5789684941907314
